Date,Close
2014-01-02 00:00:00+00:00,15.86
2014-01-03 00:00:00+00:00,15.67
2014-01-06 00:00:00+00:00,15.88
2014-01-07 00:00:00+00:00,16.14
2014-01-08 00:00:00+00:00,16.36
2014-01-09 00:00:00+00:00,15.75
2014-01-10 00:00:00+00:00,15.73
2014-01-13 00:00:00+00:00,15.36
2014-01-14 00:00:00+00:00,15.84
2014-01-15 00:00:00+00:00,16.01
2014-01-16 00:00:00+00:00,16.06
2014-01-17 00:00:00+00:00,15.99
2014-01-21 00:00:00+00:00,16.05
2014-01-22 00:00:00+00:00,16.03
2014-01-23 00:00:00+00:00,15.97
2014-01-24 00:00:00+00:00,15.56
2014-01-27 00:00:00+00:00,15.46
2014-01-28 00:00:00+00:00,15.61
2014-01-29 00:00:00+00:00,15.46
2014-01-30 00:00:00+00:00,15.72
2014-01-31 00:00:00+00:00,15.7
2014-02-03 00:00:00+00:00,15.49
2014-02-04 00:00:00+00:00,15.58
2014-02-05 00:00:00+00:00,15.44
2014-02-06 00:00:00+00:00,15.64
2014-02-07 00:00:00+00:00,15.87
2014-02-10 00:00:00+00:00,15.92
2014-02-11 00:00:00+00:00,16.25
2014-02-12 00:00:00+00:00,16.83
2014-02-13 00:00:00+00:00,17.36
2014-02-14 00:00:00+00:00,17.91
2014-02-18 00:00:00+00:00,17.9
2014-02-19 00:00:00+00:00,18.14
2014-02-20 00:00:00+00:00,18.78
2014-02-21 00:00:00+00:00,18.64
2014-02-24 00:00:00+00:00,18.91
2014-02-25 00:00:00+00:00,18.74
2014-02-26 00:00:00+00:00,18.71
2014-02-27 00:00:00+00:00,18.5
2014-02-28 00:00:00+00:00,18.38
2014-03-03 00:00:00+00:00,18.29
2014-03-04 00:00:00+00:00,18.48
2014-03-05 00:00:00+00:00,18.64
2014-03-06 00:00:00+00:00,18.38
2014-03-07 00:00:00+00:00,18.36
2014-03-10 00:00:00+00:00,18.09
2014-03-11 00:00:00+00:00,18.27
2014-03-12 00:00:00+00:00,18.32
2014-03-13 00:00:00+00:00,17.74
2014-03-14 00:00:00+00:00,17.82
2014-03-17 00:00:00+00:00,17.82
2014-03-18 00:00:00+00:00,18.24
2014-03-19 00:00:00+00:00,18.555
2014-03-20 00:00:00+00:00,18.57
2014-03-21 00:00:00+00:00,18.54
2014-03-24 00:00:00+00:00,18.45
2014-03-25 00:00:00+00:00,18.45
2014-03-26 00:00:00+00:00,18.03
2014-03-27 00:00:00+00:00,17.79
2014-03-28 00:00:00+00:00,17.9
2014-03-31 00:00:00+00:00,17.91
2014-04-01 00:00:00+00:00,18.65
2014-04-02 00:00:00+00:00,18.53
2014-04-03 00:00:00+00:00,18.73
2014-04-04 00:00:00+00:00,18.15
2014-04-07 00:00:00+00:00,18.21
2014-04-08 00:00:00+00:00,18.86
2014-04-09 00:00:00+00:00,18.84
2014-04-10 00:00:00+00:00,18.38
2014-04-11 00:00:00+00:00,18.12
2014-04-14 00:00:00+00:00,18.32
2014-04-15 00:00:00+00:00,18.45
2014-04-16 00:00:00+00:00,18.49
2014-04-17 00:00:00+00:00,18.56
2014-04-21 00:00:00+00:00,18.71
2014-04-22 00:00:00+00:00,18.87
2014-04-23 00:00:00+00:00,19.09
2014-04-24 00:00:00+00:00,19.26
2014-04-25 00:00:00+00:00,18.73
2014-04-28 00:00:00+00:00,18.65
2014-04-29 00:00:00+00:00,18.69
2014-04-30 00:00:00+00:00,18.47
2014-05-01 00:00:00+00:00,18.57
2014-05-02 00:00:00+00:00,18.43
2014-05-05 00:00:00+00:00,18.63
2014-05-06 00:00:00+00:00,18.25
2014-05-07 00:00:00+00:00,18.275
2014-05-08 00:00:00+00:00,18.5
2014-05-09 00:00:00+00:00,18.05
2014-05-12 00:00:00+00:00,18.58
2014-05-13 00:00:00+00:00,18.28
2014-05-14 00:00:00+00:00,18.1
2014-05-15 00:00:00+00:00,18.0
2014-05-16 00:00:00+00:00,17.96
2014-05-19 00:00:00+00:00,18.54
2014-05-20 00:00:00+00:00,18.24
2014-05-21 00:00:00+00:00,18.24
2014-05-22 00:00:00+00:00,18.32
2014-05-23 00:00:00+00:00,18.49
2014-05-27 00:00:00+00:00,18.82
2014-05-28 00:00:00+00:00,18.98
2014-05-29 00:00:00+00:00,18.95
2014-05-30 00:00:00+00:00,19.0
2014-06-02 00:00:00+00:00,18.94
2014-06-03 00:00:00+00:00,18.86
2014-06-04 00:00:00+00:00,18.88
2014-06-05 00:00:00+00:00,18.96
2014-06-06 00:00:00+00:00,19.03
2014-06-09 00:00:00+00:00,19.05
2014-06-10 00:00:00+00:00,19.15
2014-06-11 00:00:00+00:00,19.4
2014-06-12 00:00:00+00:00,19.52
2014-06-13 00:00:00+00:00,19.54
2014-06-16 00:00:00+00:00,19.48
2014-06-17 00:00:00+00:00,19.61
2014-06-18 00:00:00+00:00,19.59
2014-06-19 00:00:00+00:00,19.138
2014-06-20 00:00:00+00:00,18.93
2014-06-23 00:00:00+00:00,18.71
2014-06-24 00:00:00+00:00,18.42
2014-06-25 00:00:00+00:00,18.61
2014-06-26 00:00:00+00:00,18.36
2014-06-27 00:00:00+00:00,18.38
2014-06-30 00:00:00+00:00,18.54
2014-07-01 00:00:00+00:00,18.75
2014-07-02 00:00:00+00:00,18.6825
2014-07-03 00:00:00+00:00,18.85
2014-07-07 00:00:00+00:00,18.7
2014-07-08 00:00:00+00:00,18.55
2014-07-09 00:00:00+00:00,19.11
2014-07-10 00:00:00+00:00,19.005
2014-07-11 00:00:00+00:00,19.05
2014-07-14 00:00:00+00:00,19.29
2014-07-15 00:00:00+00:00,19.37
2014-07-16 00:00:00+00:00,19.35
2014-07-17 00:00:00+00:00,19.3
2014-07-18 00:00:00+00:00,18.44
2014-07-21 00:00:00+00:00,18.55
2014-07-22 00:00:00+00:00,18.47
2014-07-23 00:00:00+00:00,18.08
2014-07-24 00:00:00+00:00,18.11
2014-07-25 00:00:00+00:00,17.79
2014-07-28 00:00:00+00:00,17.72
2014-07-29 00:00:00+00:00,17.78
2014-07-30 00:00:00+00:00,18.08
2014-07-31 00:00:00+00:00,17.5
2014-08-01 00:00:00+00:00,17.69
2014-08-04 00:00:00+00:00,17.65
2014-08-05 00:00:00+00:00,17.66
2014-08-06 00:00:00+00:00,17.64
2014-08-07 00:00:00+00:00,17.46
2014-08-08 00:00:00+00:00,19.0
2014-08-11 00:00:00+00:00,18.9
2014-08-12 00:00:00+00:00,18.9
2014-08-13 00:00:00+00:00,19.01
2014-08-14 00:00:00+00:00,18.8
2014-08-15 00:00:00+00:00,19.04
2014-08-18 00:00:00+00:00,19.3
2014-08-19 00:00:00+00:00,19.37
2014-08-20 00:00:00+00:00,19.25
2014-08-21 00:00:00+00:00,19.07
2014-08-22 00:00:00+00:00,19.08
2014-08-25 00:00:00+00:00,19.11
2014-08-26 00:00:00+00:00,19.455
2014-08-27 00:00:00+00:00,19.23
2014-08-28 00:00:00+00:00,19.39
2014-08-29 00:00:00+00:00,19.45
2014-09-02 00:00:00+00:00,19.495
2014-09-03 00:00:00+00:00,19.685
2014-09-04 00:00:00+00:00,20.03
2014-09-05 00:00:00+00:00,19.97
2014-09-08 00:00:00+00:00,19.79
2014-09-09 00:00:00+00:00,19.54
2014-09-10 00:00:00+00:00,19.61
2014-09-11 00:00:00+00:00,19.41
2014-09-12 00:00:00+00:00,19.12
2014-09-15 00:00:00+00:00,18.86
2014-09-16 00:00:00+00:00,19.135
2014-09-17 00:00:00+00:00,19.15
2014-09-18 00:00:00+00:00,19.44
2014-09-19 00:00:00+00:00,19.08
2014-09-22 00:00:00+00:00,18.89
2014-09-23 00:00:00+00:00,18.81
2014-09-24 00:00:00+00:00,18.92
2014-09-25 00:00:00+00:00,18.51
2014-09-26 00:00:00+00:00,18.545
2014-09-29 00:00:00+00:00,18.515
2014-09-30 00:00:00+00:00,18.45
2014-10-01 00:00:00+00:00,18.27
2014-10-02 00:00:00+00:00,18.19
2014-10-03 00:00:00+00:00,18.23
2014-10-06 00:00:00+00:00,18.12
2014-10-07 00:00:00+00:00,17.925
2014-10-08 00:00:00+00:00,18.26
2014-10-09 00:00:00+00:00,17.91
2014-10-10 00:00:00+00:00,16.845
2014-10-13 00:00:00+00:00,16.785
2014-10-14 00:00:00+00:00,17.175
2014-10-15 00:00:00+00:00,17.44
2014-10-16 00:00:00+00:00,17.45
2014-10-17 00:00:00+00:00,17.42
2014-10-20 00:00:00+00:00,17.57
2014-10-21 00:00:00+00:00,18.32
2014-10-22 00:00:00+00:00,17.89
2014-10-23 00:00:00+00:00,18.285
2014-10-24 00:00:00+00:00,18.48
2014-10-27 00:00:00+00:00,18.49
2014-10-28 00:00:00+00:00,18.93
2014-10-29 00:00:00+00:00,18.805
2014-10-30 00:00:00+00:00,18.69
2014-10-31 00:00:00+00:00,19.54
2014-11-03 00:00:00+00:00,19.87
2014-11-04 00:00:00+00:00,20.13
2014-11-05 00:00:00+00:00,20.13
2014-11-06 00:00:00+00:00,20.22
2014-11-07 00:00:00+00:00,19.79
2014-11-10 00:00:00+00:00,20.02
2014-11-11 00:00:00+00:00,19.78
2014-11-12 00:00:00+00:00,19.645
2014-11-13 00:00:00+00:00,19.55
2014-11-14 00:00:00+00:00,19.785
2014-11-17 00:00:00+00:00,19.695
2014-11-18 00:00:00+00:00,20.17
2014-11-19 00:00:00+00:00,20.01
2014-11-20 00:00:00+00:00,20.34
2014-11-21 00:00:00+00:00,20.455
2014-11-24 00:00:00+00:00,20.58
2014-11-25 00:00:00+00:00,20.57
2014-11-26 00:00:00+00:00,20.915
2014-11-28 00:00:00+00:00,20.97
2014-12-01 00:00:00+00:00,20.58
2014-12-02 00:00:00+00:00,20.61
2014-12-03 00:00:00+00:00,21.14
2014-12-04 00:00:00+00:00,20.95
2014-12-05 00:00:00+00:00,21.07
2014-12-08 00:00:00+00:00,20.8
2014-12-09 00:00:00+00:00,20.73
2014-12-10 00:00:00+00:00,20.27
2014-12-11 00:00:00+00:00,20.26
2014-12-12 00:00:00+00:00,19.63
2014-12-15 00:00:00+00:00,19.57
2014-12-16 00:00:00+00:00,19.345
2014-12-17 00:00:00+00:00,20.14
2014-12-18 00:00:00+00:00,20.22
2014-12-19 00:00:00+00:00,20.42
2014-12-22 00:00:00+00:00,20.78
2014-12-23 00:00:00+00:00,20.65
2014-12-24 00:00:00+00:00,20.57
2014-12-26 00:00:00+00:00,20.59
2014-12-29 00:00:00+00:00,20.56
2014-12-30 00:00:00+00:00,20.37
2014-12-31 00:00:00+00:00,20.05
2015-01-02 00:00:00+00:00,20.13
2015-01-05 00:00:00+00:00,19.79
2015-01-06 00:00:00+00:00,19.19
2015-01-07 00:00:00+00:00,19.135
2015-01-08 00:00:00+00:00,19.86
2015-01-09 00:00:00+00:00,19.94
2015-01-12 00:00:00+00:00,19.69
2015-01-13 00:00:00+00:00,19.655
2015-01-14 00:00:00+00:00,19.74
2015-01-15 00:00:00+00:00,19.6
2015-01-16 00:00:00+00:00,19.96
2015-01-20 00:00:00+00:00,20.02
2015-01-21 00:00:00+00:00,20.3
2015-01-22 00:00:00+00:00,20.65
2015-01-23 00:00:00+00:00,20.71
2015-01-26 00:00:00+00:00,20.615
2015-01-27 00:00:00+00:00,19.63
2015-01-28 00:00:00+00:00,19.31
2015-01-29 00:00:00+00:00,19.78
2015-01-30 00:00:00+00:00,19.205
2015-02-02 00:00:00+00:00,19.62
2015-02-03 00:00:00+00:00,20.11
2015-02-04 00:00:00+00:00,20.16
2015-02-05 00:00:00+00:00,20.485
2015-02-06 00:00:00+00:00,20.4
2015-02-09 00:00:00+00:00,20.38
2015-02-10 00:00:00+00:00,20.95
2015-02-11 00:00:00+00:00,20.81
2015-02-12 00:00:00+00:00,22.3
2015-02-13 00:00:00+00:00,22.31
2015-02-17 00:00:00+00:00,22.375
2015-02-18 00:00:00+00:00,22.12
2015-02-19 00:00:00+00:00,22.175
2015-02-20 00:00:00+00:00,22.335
2015-02-23 00:00:00+00:00,22.16
2015-02-24 00:00:00+00:00,22.31
2015-02-25 00:00:00+00:00,22.14
2015-02-26 00:00:00+00:00,22.2
2015-02-27 00:00:00+00:00,22.06
2015-03-02 00:00:00+00:00,22.595
2015-03-03 00:00:00+00:00,22.18
2015-03-04 00:00:00+00:00,22.43
2015-03-05 00:00:00+00:00,22.86
2015-03-06 00:00:00+00:00,22.55
2015-03-09 00:00:00+00:00,22.61
2015-03-10 00:00:00+00:00,22.995
2015-03-11 00:00:00+00:00,22.88
2015-03-12 00:00:00+00:00,22.67
2015-03-13 00:00:00+00:00,22.7
2015-03-16 00:00:00+00:00,22.97
2015-03-17 00:00:00+00:00,23.25
2015-03-18 00:00:00+00:00,22.87
2015-03-19 00:00:00+00:00,23.215
2015-03-20 00:00:00+00:00,23.47
2015-03-23 00:00:00+00:00,22.71
2015-03-24 00:00:00+00:00,22.4
2015-03-25 00:00:00+00:00,21.04
2015-03-26 00:00:00+00:00,20.965
2015-03-27 00:00:00+00:00,21.38
2015-03-30 00:00:00+00:00,21.47
2015-03-31 00:00:00+00:00,20.925
2015-04-01 00:00:00+00:00,21.01
2015-04-02 00:00:00+00:00,21.06
2015-04-06 00:00:00+00:00,21.665
2015-04-07 00:00:00+00:00,21.86
2015-04-08 00:00:00+00:00,22.02
2015-04-09 00:00:00+00:00,22.525
2015-04-10 00:00:00+00:00,22.76
2015-04-13 00:00:00+00:00,22.55
2015-04-14 00:00:00+00:00,22.36
2015-04-15 00:00:00+00:00,22.63
2015-04-16 00:00:00+00:00,22.49
2015-04-17 00:00:00+00:00,22.2
2015-04-20 00:00:00+00:00,22.09
2015-04-21 00:00:00+00:00,22.055
2015-04-22 00:00:00+00:00,22.31
2015-04-23 00:00:00+00:00,22.22
2015-04-24 00:00:00+00:00,22.03
2015-04-27 00:00:00+00:00,22.2
2015-04-28 00:00:00+00:00,22.305
2015-04-29 00:00:00+00:00,22.14
2015-04-30 00:00:00+00:00,22.195
2015-05-01 00:00:00+00:00,22.75
2015-05-04 00:00:00+00:00,22.61
2015-05-05 00:00:00+00:00,22.03
2015-05-06 00:00:00+00:00,22.1
2015-05-07 00:00:00+00:00,22.49
2015-05-08 00:00:00+00:00,20.825
2015-05-11 00:00:00+00:00,20.63
2015-05-12 00:00:00+00:00,20.83
2015-05-13 00:00:00+00:00,20.95
2015-05-14 00:00:00+00:00,21.29
2015-05-15 00:00:00+00:00,21.3
2015-05-18 00:00:00+00:00,21.27
2015-05-19 00:00:00+00:00,21.04
2015-05-20 00:00:00+00:00,21.04
2015-05-21 00:00:00+00:00,20.89
2015-05-22 00:00:00+00:00,20.86
2015-05-26 00:00:00+00:00,20.73
2015-05-27 00:00:00+00:00,21.84
2015-05-28 00:00:00+00:00,22.14
2015-05-29 00:00:00+00:00,22.13
2015-06-01 00:00:00+00:00,22.38
2015-06-02 00:00:00+00:00,21.935
2015-06-03 00:00:00+00:00,21.7
2015-06-04 00:00:00+00:00,22.09
2015-06-05 00:00:00+00:00,22.26
2015-06-08 00:00:00+00:00,21.75
2015-06-09 00:00:00+00:00,21.86
2015-06-10 00:00:00+00:00,21.47
2015-06-11 00:00:00+00:00,21.7
2015-06-12 00:00:00+00:00,21.11
2015-06-15 00:00:00+00:00,21.07
2015-06-16 00:00:00+00:00,21.33
2015-06-17 00:00:00+00:00,21.58
2015-06-18 00:00:00+00:00,21.94
2015-06-19 00:00:00+00:00,21.87
2015-06-22 00:00:00+00:00,21.775
2015-06-23 00:00:00+00:00,21.22
2015-06-24 00:00:00+00:00,21.01
2015-06-25 00:00:00+00:00,21.17
2015-06-26 00:00:00+00:00,20.74
2015-06-29 00:00:00+00:00,20.12
2015-06-30 00:00:00+00:00,20.11
2015-07-01 00:00:00+00:00,20.4
2015-07-02 00:00:00+00:00,20.42
2015-07-06 00:00:00+00:00,20.17
2015-07-07 00:00:00+00:00,19.79
2015-07-08 00:00:00+00:00,19.65
2015-07-09 00:00:00+00:00,19.41
2015-07-10 00:00:00+00:00,19.75
2015-07-13 00:00:00+00:00,19.88
2015-07-14 00:00:00+00:00,19.89
2015-07-15 00:00:00+00:00,19.75
2015-07-16 00:00:00+00:00,20.19
2015-07-17 00:00:00+00:00,20.07
2015-07-20 00:00:00+00:00,19.7
2015-07-21 00:00:00+00:00,19.79
2015-07-22 00:00:00+00:00,19.405
2015-07-23 00:00:00+00:00,19.65
2015-07-24 00:00:00+00:00,19.42
2015-07-27 00:00:00+00:00,19.31
2015-07-28 00:00:00+00:00,19.73
2015-07-29 00:00:00+00:00,19.97
2015-07-30 00:00:00+00:00,20.02
2015-07-31 00:00:00+00:00,19.95
2015-08-03 00:00:00+00:00,20.29
2015-08-04 00:00:00+00:00,20.37
2015-08-05 00:00:00+00:00,20.58
2015-08-06 00:00:00+00:00,20.45
2015-08-07 00:00:00+00:00,22.98
2015-08-10 00:00:00+00:00,23.78
2015-08-11 00:00:00+00:00,23.66
2015-08-12 00:00:00+00:00,23.72
2015-08-13 00:00:00+00:00,23.52
2015-08-14 00:00:00+00:00,23.54
2015-08-17 00:00:00+00:00,23.39
2015-08-18 00:00:00+00:00,23.08
2015-08-19 00:00:00+00:00,22.99
2015-08-20 00:00:00+00:00,22.16
2015-08-21 00:00:00+00:00,21.47
2015-08-24 00:00:00+00:00,20.71
2015-08-25 00:00:00+00:00,20.28
2015-08-26 00:00:00+00:00,21.81
2015-08-27 00:00:00+00:00,22.63
2015-08-28 00:00:00+00:00,22.73
2015-08-31 00:00:00+00:00,22.48
2015-09-01 00:00:00+00:00,21.56
2015-09-02 00:00:00+00:00,22.21
2015-09-03 00:00:00+00:00,22.27
2015-09-04 00:00:00+00:00,21.75
2015-09-08 00:00:00+00:00,22.68
2015-09-09 00:00:00+00:00,22.23
2015-09-10 00:00:00+00:00,22.58
2015-09-11 00:00:00+00:00,22.65
2015-09-14 00:00:00+00:00,22.69
2015-09-15 00:00:00+00:00,22.94
2015-09-16 00:00:00+00:00,23.1
2015-09-17 00:00:00+00:00,23.31
2015-09-18 00:00:00+00:00,23.29
2015-09-21 00:00:00+00:00,23.53
2015-09-22 00:00:00+00:00,22.89
2015-09-23 00:00:00+00:00,23.0
2015-09-24 00:00:00+00:00,23.44
2015-09-25 00:00:00+00:00,23.61
2015-09-28 00:00:00+00:00,23.3
2015-09-29 00:00:00+00:00,23.71
2015-09-30 00:00:00+00:00,24.64
2015-10-01 00:00:00+00:00,24.17
2015-10-02 00:00:00+00:00,24.8
2015-10-05 00:00:00+00:00,25.42
2015-10-06 00:00:00+00:00,25.75
2015-10-07 00:00:00+00:00,26.02
2015-10-08 00:00:00+00:00,26.17
2015-10-09 00:00:00+00:00,26.07
2015-10-12 00:00:00+00:00,26.35
2015-10-13 00:00:00+00:00,26.4
2015-10-14 00:00:00+00:00,27.36
2015-10-15 00:00:00+00:00,27.43
2015-10-16 00:00:00+00:00,27.86
2015-10-19 00:00:00+00:00,27.81
2015-10-20 00:00:00+00:00,27.77
2015-10-21 00:00:00+00:00,27.41
2015-10-22 00:00:00+00:00,28.4
2015-10-23 00:00:00+00:00,28.59
2015-10-26 00:00:00+00:00,28.46
2015-10-27 00:00:00+00:00,28.44
2015-10-28 00:00:00+00:00,28.67
2015-10-29 00:00:00+00:00,27.68
2015-10-30 00:00:00+00:00,28.37
2015-11-02 00:00:00+00:00,28.7
2015-11-03 00:00:00+00:00,28.5
2015-11-04 00:00:00+00:00,28.03
2015-11-05 00:00:00+00:00,27.71
2015-11-06 00:00:00+00:00,31.55
2015-11-09 00:00:00+00:00,31.41
2015-11-10 00:00:00+00:00,30.81
2015-11-11 00:00:00+00:00,30.51
2015-11-12 00:00:00+00:00,30.4
2015-11-13 00:00:00+00:00,29.8
2015-11-16 00:00:00+00:00,30.4
2015-11-17 00:00:00+00:00,30.4
2015-11-18 00:00:00+00:00,31.03
2015-11-19 00:00:00+00:00,31.12
2015-11-20 00:00:00+00:00,31.39
2015-11-23 00:00:00+00:00,30.92
2015-11-24 00:00:00+00:00,31.17
2015-11-25 00:00:00+00:00,31.13
2015-11-27 00:00:00+00:00,31.39
2015-11-30 00:00:00+00:00,31.72
2015-12-01 00:00:00+00:00,32.75
2015-12-02 00:00:00+00:00,32.5
2015-12-03 00:00:00+00:00,32.43
2015-12-04 00:00:00+00:00,33.75
2015-12-07 00:00:00+00:00,33.11
2015-12-08 00:00:00+00:00,33.56
2015-12-09 00:00:00+00:00,32.71
2015-12-10 00:00:00+00:00,32.98
2015-12-11 00:00:00+00:00,32.49
2015-12-14 00:00:00+00:00,32.57
2015-12-15 00:00:00+00:00,32.97
2015-12-16 00:00:00+00:00,33.17
2015-12-17 00:00:00+00:00,32.67
2015-12-18 00:00:00+00:00,32.14
2015-12-21 00:00:00+00:00,32.895
2015-12-22 00:00:00+00:00,32.93
2015-12-23 00:00:00+00:00,33.055
2015-12-24 00:00:00+00:00,33.17
2015-12-28 00:00:00+00:00,33.14
2015-12-29 00:00:00+00:00,33.68
2015-12-30 00:00:00+00:00,33.39
2015-12-31 00:00:00+00:00,32.96
2016-01-04 00:00:00+00:00,32.37
2016-01-05 00:00:00+00:00,32.89
2016-01-06 00:00:00+00:00,31.53
2016-01-07 00:00:00+00:00,30.28
2016-01-08 00:00:00+00:00,29.63
2016-01-11 00:00:00+00:00,29.68
2016-01-12 00:00:00+00:00,30.18
2016-01-13 00:00:00+00:00,29.26
2016-01-14 00:00:00+00:00,28.67
2016-01-15 00:00:00+00:00,27.11
2016-01-19 00:00:00+00:00,27.33
2016-01-20 00:00:00+00:00,27.48
2016-01-21 00:00:00+00:00,27.8
2016-01-22 00:00:00+00:00,28.45
2016-01-25 00:00:00+00:00,28.42
2016-01-26 00:00:00+00:00,28.7
2016-01-27 00:00:00+00:00,28.36
2016-01-28 00:00:00+00:00,28.05
2016-01-29 00:00:00+00:00,29.29
2016-02-01 00:00:00+00:00,29.3
2016-02-02 00:00:00+00:00,28.06
2016-02-03 00:00:00+00:00,28.2
2016-02-04 00:00:00+00:00,28.21
2016-02-05 00:00:00+00:00,26.43
2016-02-08 00:00:00+00:00,25.22
2016-02-09 00:00:00+00:00,25.49
2016-02-10 00:00:00+00:00,25.43
2016-02-11 00:00:00+00:00,25.3
2016-02-12 00:00:00+00:00,25.73
2016-02-16 00:00:00+00:00,26.99
2016-02-17 00:00:00+00:00,27.66
2016-02-18 00:00:00+00:00,30.04
2016-02-19 00:00:00+00:00,30.44
2016-02-22 00:00:00+00:00,31.52
2016-02-23 00:00:00+00:00,31.6
2016-02-24 00:00:00+00:00,31.82
2016-02-25 00:00:00+00:00,31.89
2016-02-26 00:00:00+00:00,31.68
2016-02-29 00:00:00+00:00,31.36
2016-03-01 00:00:00+00:00,32.75
2016-03-02 00:00:00+00:00,32.94
2016-03-03 00:00:00+00:00,32.65
2016-03-04 00:00:00+00:00,32.55
2016-03-07 00:00:00+00:00,32.34
2016-03-08 00:00:00+00:00,31.75
2016-03-09 00:00:00+00:00,31.73
2016-03-10 00:00:00+00:00,31.68
2016-03-11 00:00:00+00:00,32.22
2016-03-14 00:00:00+00:00,32.3
2016-03-15 00:00:00+00:00,32.14
2016-03-16 00:00:00+00:00,33.1
2016-03-17 00:00:00+00:00,32.82
2016-03-18 00:00:00+00:00,33.81
2016-03-21 00:00:00+00:00,33.91
2016-03-22 00:00:00+00:00,33.85
2016-03-23 00:00:00+00:00,34.43
2016-03-24 00:00:00+00:00,34.48
2016-03-28 00:00:00+00:00,34.83
2016-03-29 00:00:00+00:00,35.39
2016-03-30 00:00:00+00:00,35.76
2016-03-31 00:00:00+00:00,35.63
2016-04-01 00:00:00+00:00,36.15
2016-04-04 00:00:00+00:00,35.8
2016-04-05 00:00:00+00:00,35.75
2016-04-06 00:00:00+00:00,35.8
2016-04-07 00:00:00+00:00,35.43
2016-04-08 00:00:00+00:00,35.66
2016-04-11 00:00:00+00:00,35.88
2016-04-12 00:00:00+00:00,35.84
2016-04-13 00:00:00+00:00,36.74
2016-04-14 00:00:00+00:00,36.84
2016-04-15 00:00:00+00:00,37.13
2016-04-18 00:00:00+00:00,36.97
2016-04-19 00:00:00+00:00,36.31
2016-04-20 00:00:00+00:00,36.45
2016-04-21 00:00:00+00:00,36.41
2016-04-22 00:00:00+00:00,36.27
2016-04-25 00:00:00+00:00,36.45
2016-04-26 00:00:00+00:00,36.48
2016-04-27 00:00:00+00:00,37.31
2016-04-28 00:00:00+00:00,36.2
2016-04-29 00:00:00+00:00,35.53
2016-05-02 00:00:00+00:00,36.0
2016-05-03 00:00:00+00:00,35.57
2016-05-04 00:00:00+00:00,34.76
2016-05-05 00:00:00+00:00,34.97
2016-05-06 00:00:00+00:00,35.33
2016-05-09 00:00:00+00:00,35.28
2016-05-10 00:00:00+00:00,35.96
2016-05-11 00:00:00+00:00,36.06
2016-05-12 00:00:00+00:00,35.57
2016-05-13 00:00:00+00:00,40.98
2016-05-16 00:00:00+00:00,42.19
2016-05-17 00:00:00+00:00,42.28
2016-05-18 00:00:00+00:00,43.36
2016-05-19 00:00:00+00:00,43.55
2016-05-20 00:00:00+00:00,44.33
2016-05-23 00:00:00+00:00,44.4
2016-05-24 00:00:00+00:00,45.36
2016-05-25 00:00:00+00:00,45.17
2016-05-26 00:00:00+00:00,45.65
2016-05-27 00:00:00+00:00,45.9
2016-05-31 00:00:00+00:00,46.72
2016-06-01 00:00:00+00:00,46.81
2016-06-02 00:00:00+00:00,47.14
2016-06-03 00:00:00+00:00,46.48
2016-06-06 00:00:00+00:00,46.24
2016-06-07 00:00:00+00:00,46.33
2016-06-08 00:00:00+00:00,46.18
2016-06-09 00:00:00+00:00,47.38
2016-06-10 00:00:00+00:00,46.2
2016-06-13 00:00:00+00:00,46.79
2016-06-14 00:00:00+00:00,46.88
2016-06-15 00:00:00+00:00,47.36
2016-06-16 00:00:00+00:00,47.55
2016-06-17 00:00:00+00:00,46.72
2016-06-20 00:00:00+00:00,47.56
2016-06-21 00:00:00+00:00,47.27
2016-06-22 00:00:00+00:00,47.23
2016-06-23 00:00:00+00:00,48.49
2016-06-24 00:00:00+00:00,45.73
2016-06-27 00:00:00+00:00,45.24
2016-06-28 00:00:00+00:00,45.9
2016-06-29 00:00:00+00:00,46.65
2016-06-30 00:00:00+00:00,47.01
2016-07-01 00:00:00+00:00,46.66
2016-07-05 00:00:00+00:00,47.35
2016-07-06 00:00:00+00:00,47.65
2016-07-07 00:00:00+00:00,48.89
2016-07-08 00:00:00+00:00,50.85
2016-07-11 00:00:00+00:00,52.02
2016-07-12 00:00:00+00:00,52.8
2016-07-13 00:00:00+00:00,52.78
2016-07-14 00:00:00+00:00,53.32
2016-07-15 00:00:00+00:00,52.7
2016-07-18 00:00:00+00:00,52.97
2016-07-19 00:00:00+00:00,53.52
2016-07-20 00:00:00+00:00,54.22
2016-07-21 00:00:00+00:00,53.22
2016-07-22 00:00:00+00:00,54.67
2016-07-25 00:00:00+00:00,55.68
2016-07-26 00:00:00+00:00,56.63
2016-07-27 00:00:00+00:00,56.06
2016-07-28 00:00:00+00:00,56.18
2016-07-29 00:00:00+00:00,57.1
2016-08-01 00:00:00+00:00,56.73
2016-08-02 00:00:00+00:00,56.04
2016-08-03 00:00:00+00:00,56.19
2016-08-04 00:00:00+00:00,57.23
2016-08-05 00:00:00+00:00,58.2
2016-08-08 00:00:00+00:00,58.74
2016-08-09 00:00:00+00:00,58.89
2016-08-10 00:00:00+00:00,58.51
2016-08-11 00:00:00+00:00,59.7
2016-08-12 00:00:00+00:00,63.04
2016-08-15 00:00:00+00:00,62.98
2016-08-16 00:00:00+00:00,62.6
2016-08-17 00:00:00+00:00,61.15
2016-08-18 00:00:00+00:00,62.1
2016-08-19 00:00:00+00:00,62.26
2016-08-22 00:00:00+00:00,62.52
2016-08-23 00:00:00+00:00,62.91
2016-08-24 00:00:00+00:00,61.94
2016-08-25 00:00:00+00:00,61.53
2016-08-26 00:00:00+00:00,62.03
2016-08-29 00:00:00+00:00,61.99
2016-08-30 00:00:00+00:00,61.63
2016-08-31 00:00:00+00:00,61.34
2016-09-01 00:00:00+00:00,63.15
2016-09-02 00:00:00+00:00,62.53
2016-09-06 00:00:00+00:00,63.12
2016-09-07 00:00:00+00:00,62.19
2016-09-08 00:00:00+00:00,62.64
2016-09-09 00:00:00+00:00,59.52
2016-09-12 00:00:00+00:00,60.75
2016-09-13 00:00:00+00:00,59.87
2016-09-14 00:00:00+00:00,60.4
2016-09-15 00:00:00+00:00,62.69
2016-09-16 00:00:00+00:00,62.84
2016-09-19 00:00:00+00:00,63.67
2016-09-20 00:00:00+00:00,63.09
2016-09-21 00:00:00+00:00,64.86
2016-09-22 00:00:00+00:00,65.02
2016-09-23 00:00:00+00:00,64.95
2016-09-26 00:00:00+00:00,64.34
2016-09-27 00:00:00+00:00,66.54
2016-09-28 00:00:00+00:00,66.78
2016-09-29 00:00:00+00:00,67.4
2016-09-30 00:00:00+00:00,68.52
2016-10-03 00:00:00+00:00,68.45
2016-10-04 00:00:00+00:00,68.3
2016-10-05 00:00:00+00:00,68.23
2016-10-06 00:00:00+00:00,67.34
2016-10-07 00:00:00+00:00,66.85
2016-10-10 00:00:00+00:00,67.1
2016-10-11 00:00:00+00:00,66.13
2016-10-12 00:00:00+00:00,66.43
2016-10-13 00:00:00+00:00,65.35
2016-10-14 00:00:00+00:00,65.99
2016-10-17 00:00:00+00:00,65.61
2016-10-18 00:00:00+00:00,66.61
2016-10-19 00:00:00+00:00,66.47
2016-10-20 00:00:00+00:00,67.73
2016-10-21 00:00:00+00:00,67.54
2016-10-24 00:00:00+00:00,70.71
2016-10-25 00:00:00+00:00,71.87
2016-10-26 00:00:00+00:00,72.16
2016-10-27 00:00:00+00:00,70.68
2016-10-28 00:00:00+00:00,70.56
2016-10-31 00:00:00+00:00,71.16
2016-11-01 00:00:00+00:00,69.05
2016-11-02 00:00:00+00:00,68.76
2016-11-03 00:00:00+00:00,67.96
2016-11-04 00:00:00+00:00,67.57
2016-11-07 00:00:00+00:00,71.27
2016-11-08 00:00:00+00:00,71.16
2016-11-09 00:00:00+00:00,69.96
2016-11-10 00:00:00+00:00,67.77
2016-11-11 00:00:00+00:00,87.97
2016-11-14 00:00:00+00:00,83.64
2016-11-15 00:00:00+00:00,86.19
2016-11-16 00:00:00+00:00,91.63
2016-11-17 00:00:00+00:00,92.39
2016-11-18 00:00:00+00:00,93.36
2016-11-21 00:00:00+00:00,92.98
2016-11-22 00:00:00+00:00,93.65
2016-11-23 00:00:00+00:00,93.97
2016-11-25 00:00:00+00:00,94.16
2016-11-28 00:00:00+00:00,94.11
2016-11-29 00:00:00+00:00,93.25
2016-11-30 00:00:00+00:00,92.2
2016-12-01 00:00:00+00:00,87.64
2016-12-02 00:00:00+00:00,88.45
2016-12-05 00:00:00+00:00,91.88
2016-12-06 00:00:00+00:00,93.39
2016-12-07 00:00:00+00:00,95.07
2016-12-08 00:00:00+00:00,93.48
2016-12-09 00:00:00+00:00,91.82
2016-12-12 00:00:00+00:00,89.59
2016-12-13 00:00:00+00:00,91.17
2016-12-14 00:00:00+00:00,96.45
2016-12-15 00:00:00+00:00,98.71
2016-12-16 00:00:00+00:00,100.41
2016-12-19 00:00:00+00:00,101.63
2016-12-20 00:00:00+00:00,105.17
2016-12-21 00:00:00+00:00,105.83
2016-12-22 00:00:00+00:00,107.11
2016-12-23 00:00:00+00:00,109.78
2016-12-27 00:00:00+00:00,117.32
2016-12-28 00:00:00+00:00,109.25
2016-12-29 00:00:00+00:00,111.43
2016-12-30 00:00:00+00:00,106.74
2017-01-03 00:00:00+00:00,102.01
2017-01-04 00:00:00+00:00,104.39
2017-01-05 00:00:00+00:00,101.74
2017-01-06 00:00:00+00:00,103.1
2017-01-09 00:00:00+00:00,107.28
2017-01-10 00:00:00+00:00,106.47
2017-01-11 00:00:00+00:00,105.16
2017-01-12 00:00:00+00:00,103.44
2017-01-13 00:00:00+00:00,103.43
2017-01-17 00:00:00+00:00,101.11
2017-01-18 00:00:00+00:00,102.95
2017-01-19 00:00:00+00:00,105.16
2017-01-20 00:00:00+00:00,104.01
2017-01-23 00:00:00+00:00,105.09
2017-01-24 00:00:00+00:00,107.33
2017-01-25 00:00:00+00:00,107.79
2017-01-26 00:00:00+00:00,109.65
2017-01-27 00:00:00+00:00,111.77
2017-01-30 00:00:00+00:00,110.02
2017-01-31 00:00:00+00:00,109.18
2017-02-01 00:00:00+00:00,113.95
2017-02-02 00:00:00+00:00,115.39
2017-02-03 00:00:00+00:00,114.38
2017-02-06 00:00:00+00:00,117.31
2017-02-07 00:00:00+00:00,119.13
2017-02-08 00:00:00+00:00,118.61
2017-02-09 00:00:00+00:00,116.38
2017-02-10 00:00:00+00:00,113.62
2017-02-13 00:00:00+00:00,108.38
2017-02-14 00:00:00+00:00,108.78
2017-02-15 00:00:00+00:00,109.0
2017-02-16 00:00:00+00:00,107.25
2017-02-17 00:00:00+00:00,107.23
2017-02-21 00:00:00+00:00,111.07
2017-02-22 00:00:00+00:00,110.76
2017-02-23 00:00:00+00:00,100.49
2017-02-24 00:00:00+00:00,101.46
2017-02-27 00:00:00+00:00,104.41
2017-02-28 00:00:00+00:00,101.48
2017-03-01 00:00:00+00:00,102.79
2017-03-02 00:00:00+00:00,99.0
2017-03-03 00:00:00+00:00,98.43
2017-03-06 00:00:00+00:00,97.67
2017-03-07 00:00:00+00:00,98.74
2017-03-08 00:00:00+00:00,98.56
2017-03-09 00:00:00+00:00,98.54
2017-03-10 00:00:00+00:00,99.12
2017-03-13 00:00:00+00:00,101.85
2017-03-14 00:00:00+00:00,101.78
2017-03-15 00:00:00+00:00,102.55
2017-03-16 00:00:00+00:00,103.81
2017-03-17 00:00:00+00:00,106.07
2017-03-20 00:00:00+00:00,109.45
2017-03-21 00:00:00+00:00,105.91
2017-03-22 00:00:00+00:00,108.07
2017-03-23 00:00:00+00:00,107.09
2017-03-24 00:00:00+00:00,107.47
2017-03-27 00:00:00+00:00,108.25
2017-03-28 00:00:00+00:00,107.69
2017-03-29 00:00:00+00:00,107.34
2017-03-30 00:00:00+00:00,109.4
2017-03-31 00:00:00+00:00,108.93
2017-04-03 00:00:00+00:00,108.38
2017-04-04 00:00:00+00:00,100.78
2017-04-05 00:00:00+00:00,100.03
2017-04-06 00:00:00+00:00,100.76
2017-04-07 00:00:00+00:00,100.33
2017-04-10 00:00:00+00:00,97.77
2017-04-11 00:00:00+00:00,98.12
2017-04-12 00:00:00+00:00,97.31
2017-04-13 00:00:00+00:00,95.49
2017-04-17 00:00:00+00:00,99.23
2017-04-18 00:00:00+00:00,99.29
2017-04-19 00:00:00+00:00,99.68
2017-04-20 00:00:00+00:00,101.26
2017-04-21 00:00:00+00:00,101.68
2017-04-24 00:00:00+00:00,102.95
2017-04-25 00:00:00+00:00,104.74
2017-04-26 00:00:00+00:00,104.02
2017-04-27 00:00:00+00:00,105.64
2017-04-28 00:00:00+00:00,104.3
2017-05-01 00:00:00+00:00,106.64
2017-05-02 00:00:00+00:00,103.48
2017-05-03 00:00:00+00:00,104.25
2017-05-04 00:00:00+00:00,103.85
2017-05-05 00:00:00+00:00,103.86
2017-05-08 00:00:00+00:00,102.77
2017-05-09 00:00:00+00:00,102.94
2017-05-10 00:00:00+00:00,121.29
2017-05-11 00:00:00+00:00,126.5
2017-05-12 00:00:00+00:00,127.89
2017-05-15 00:00:00+00:00,134.31
2017-05-16 00:00:00+00:00,136.81
2017-05-17 00:00:00+00:00,127.72
2017-05-18 00:00:00+00:00,133.07
2017-05-19 00:00:00+00:00,136.0
2017-05-22 00:00:00+00:00,138.9
2017-05-23 00:00:00+00:00,137.03
2017-05-24 00:00:00+00:00,138.57
2017-05-25 00:00:00+00:00,138.26
2017-05-26 00:00:00+00:00,141.84
2017-05-30 00:00:00+00:00,144.87
2017-05-31 00:00:00+00:00,144.35
2017-06-01 00:00:00+00:00,144.36
2017-06-02 00:00:00+00:00,143.64
2017-06-05 00:00:00+00:00,148.01
2017-06-06 00:00:00+00:00,147.34
2017-06-07 00:00:00+00:00,149.12
2017-06-08 00:00:00+00:00,159.94
2017-06-09 00:00:00+00:00,149.6
2017-06-12 00:00:00+00:00,149.97
2017-06-13 00:00:00+00:00,151.4
2017-06-14 00:00:00+00:00,151.72
2017-06-15 00:00:00+00:00,152.37
2017-06-16 00:00:00+00:00,151.62
2017-06-19 00:00:00+00:00,157.32
2017-06-20 00:00:00+00:00,157.09
2017-06-21 00:00:00+00:00,159.47
2017-06-22 00:00:00+00:00,158.37
2017-06-23 00:00:00+00:00,153.83
2017-06-26 00:00:00+00:00,152.15
2017-06-27 00:00:00+00:00,146.58
2017-06-28 00:00:00+00:00,151.75
2017-06-29 00:00:00+00:00,146.68
2017-06-30 00:00:00+00:00,144.56
2017-07-03 00:00:00+00:00,139.33
2017-07-05 00:00:00+00:00,143.05
2017-07-06 00:00:00+00:00,143.48
2017-07-07 00:00:00+00:00,146.76
2017-07-10 00:00:00+00:00,153.7
2017-07-11 00:00:00+00:00,155.88
2017-07-12 00:00:00+00:00,162.51
2017-07-13 00:00:00+00:00,160.63
2017-07-14 00:00:00+00:00,164.95
2017-07-17 00:00:00+00:00,164.25
2017-07-18 00:00:00+00:00,165.96
2017-07-19 00:00:00+00:00,165.1
2017-07-20 00:00:00+00:00,167.5
2017-07-21 00:00:00+00:00,168.1
2017-07-24 00:00:00+00:00,166.15
2017-07-25 00:00:00+00:00,165.35
2017-07-26 00:00:00+00:00,167.26
2017-07-27 00:00:00+00:00,161.74
2017-07-28 00:00:00+00:00,164.39
2017-07-31 00:00:00+00:00,162.51
2017-08-01 00:00:00+00:00,164.49
2017-08-02 00:00:00+00:00,164.39
2017-08-03 00:00:00+00:00,166.48
2017-08-04 00:00:00+00:00,167.21
2017-08-07 00:00:00+00:00,172.35
2017-08-08 00:00:00+00:00,170.3
2017-08-09 00:00:00+00:00,172.11
2017-08-10 00:00:00+00:00,164.74
2017-08-11 00:00:00+00:00,155.96
2017-08-14 00:00:00+00:00,168.4
2017-08-15 00:00:00+00:00,166.98
2017-08-16 00:00:00+00:00,165.15
2017-08-17 00:00:00+00:00,161.47
2017-08-18 00:00:00+00:00,161.5
2017-08-21 00:00:00+00:00,159.15
2017-08-22 00:00:00+00:00,162.55
2017-08-23 00:00:00+00:00,165.8
2017-08-24 00:00:00+00:00,165.19
2017-08-25 00:00:00+00:00,163.81
2017-08-28 00:00:00+00:00,164.97
2017-08-29 00:00:00+00:00,164.7
2017-08-30 00:00:00+00:00,165.68
2017-08-31 00:00:00+00:00,169.44
2017-09-01 00:00:00+00:00,170.46
2017-09-05 00:00:00+00:00,165.91
2017-09-06 00:00:00+00:00,165.81
2017-09-07 00:00:00+00:00,166.58
2017-09-08 00:00:00+00:00,163.69
2017-09-11 00:00:00+00:00,169.0
2017-09-12 00:00:00+00:00,169.61
2017-09-13 00:00:00+00:00,170.37
2017-09-14 00:00:00+00:00,169.4
2017-09-15 00:00:00+00:00,180.11
2017-09-18 00:00:00+00:00,187.55
2017-09-19 00:00:00+00:00,187.35
2017-09-20 00:00:00+00:00,185.84
2017-09-21 00:00:00+00:00,180.76
2017-09-22 00:00:00+00:00,179.0
2017-09-25 00:00:00+00:00,171.0
2017-09-26 00:00:00+00:00,171.96
2017-09-27 00:00:00+00:00,175.73
2017-09-28 00:00:00+00:00,175.68
2017-09-29 00:00:00+00:00,178.77
2017-10-02 00:00:00+00:00,179.0
2017-10-03 00:00:00+00:00,179.37
2017-10-04 00:00:00+00:00,180.87
2017-10-05 00:00:00+00:00,180.77
2017-10-06 00:00:00+00:00,181.3
2017-10-09 00:00:00+00:00,185.39
2017-10-10 00:00:00+00:00,188.93
2017-10-11 00:00:00+00:00,190.94
2017-10-12 00:00:00+00:00,191.03
2017-10-13 00:00:00+00:00,194.59
2017-10-16 00:00:00+00:00,197.93
2017-10-17 00:00:00+00:00,197.75
2017-10-18 00:00:00+00:00,197.58
2017-10-19 00:00:00+00:00,197.8
2017-10-20 00:00:00+00:00,196.9
2017-10-23 00:00:00+00:00,196.62
2017-10-24 00:00:00+00:00,198.68
2017-10-25 00:00:00+00:00,193.66
2017-10-26 00:00:00+00:00,195.69
2017-10-27 00:00:00+00:00,201.86
2017-10-30 00:00:00+00:00,203.84
2017-10-31 00:00:00+00:00,206.81
2017-11-01 00:00:00+00:00,207.2
2017-11-02 00:00:00+00:00,205.94
2017-11-03 00:00:00+00:00,208.69
2017-11-06 00:00:00+00:00,209.63
2017-11-07 00:00:00+00:00,212.03
2017-11-08 00:00:00+00:00,209.16
2017-11-09 00:00:00+00:00,205.32
2017-11-10 00:00:00+00:00,216.14
2017-11-13 00:00:00+00:00,212.63
2017-11-14 00:00:00+00:00,214.18
2017-11-15 00:00:00+00:00,209.98
2017-11-16 00:00:00+00:00,211.61
2017-11-17 00:00:00+00:00,211.36
2017-11-20 00:00:00+00:00,214.08
2017-11-21 00:00:00+00:00,216.05
2017-11-22 00:00:00+00:00,214.93
2017-11-24 00:00:00+00:00,216.96
2017-11-27 00:00:00+00:00,214.14
2017-11-28 00:00:00+00:00,210.71
2017-11-29 00:00:00+00:00,196.42
2017-11-30 00:00:00+00:00,200.71
2017-12-01 00:00:00+00:00,197.68
2017-12-04 00:00:00+00:00,186.66
2017-12-05 00:00:00+00:00,187.74
2017-12-06 00:00:00+00:00,189.26
2017-12-07 00:00:00+00:00,191.99
2017-12-08 00:00:00+00:00,191.49
2017-12-11 00:00:00+00:00,194.66
2017-12-12 00:00:00+00:00,190.84
2017-12-13 00:00:00+00:00,186.18
2017-12-14 00:00:00+00:00,186.47
2017-12-15 00:00:00+00:00,191.56
2017-12-18 00:00:00+00:00,197.9
2017-12-19 00:00:00+00:00,196.11
2017-12-20 00:00:00+00:00,196.8
2017-12-21 00:00:00+00:00,195.89
2017-12-22 00:00:00+00:00,195.27
2017-12-26 00:00:00+00:00,197.44
2017-12-27 00:00:00+00:00,197.17
2017-12-28 00:00:00+00:00,197.4
2017-12-29 00:00:00+00:00,193.5
2018-01-02 00:00:00+00:00,199.35
2018-01-03 00:00:00+00:00,212.47
2018-01-04 00:00:00+00:00,213.59
2018-01-05 00:00:00+00:00,215.4
2018-01-08 00:00:00+00:00,222.0
2018-01-09 00:00:00+00:00,221.94
2018-01-10 00:00:00+00:00,223.68
2018-01-11 00:00:00+00:00,224.08
2018-01-12 00:00:00+00:00,222.98
2018-01-16 00:00:00+00:00,220.11
2018-01-17 00:00:00+00:00,224.72
2018-01-18 00:00:00+00:00,224.44
2018-01-19 00:00:00+00:00,230.11
2018-01-22 00:00:00+00:00,233.69
2018-01-23 00:00:00+00:00,238.91
2018-01-24 00:00:00+00:00,235.8
2018-01-25 00:00:00+00:00,236.35
2018-01-26 00:00:00+00:00,243.33
2018-01-29 00:00:00+00:00,246.85
2018-01-30 00:00:00+00:00,242.72
2018-01-31 00:00:00+00:00,245.8
2018-02-01 00:00:00+00:00,240.5
2018-02-02 00:00:00+00:00,233.52
2018-02-05 00:00:00+00:00,213.7
2018-02-06 00:00:00+00:00,225.58
2018-02-07 00:00:00+00:00,228.8
2018-02-08 00:00:00+00:00,217.52
2018-02-09 00:00:00+00:00,232.08
2018-02-12 00:00:00+00:00,228.03
2018-02-13 00:00:00+00:00,232.63
2018-02-14 00:00:00+00:00,241.42
2018-02-15 00:00:00+00:00,246.5
2018-02-16 00:00:00+00:00,243.84
2018-02-20 00:00:00+00:00,249.08
2018-02-21 00:00:00+00:00,241.51
2018-02-22 00:00:00+00:00,242.15
2018-02-23 00:00:00+00:00,245.93
2018-02-26 00:00:00+00:00,246.58
2018-02-27 00:00:00+00:00,246.06
2018-02-28 00:00:00+00:00,242.0
2018-03-01 00:00:00+00:00,232.21
2018-03-02 00:00:00+00:00,236.54
2018-03-05 00:00:00+00:00,235.65
2018-03-06 00:00:00+00:00,242.16
2018-03-07 00:00:00+00:00,241.84
2018-03-08 00:00:00+00:00,241.18
2018-03-09 00:00:00+00:00,245.33
2018-03-12 00:00:00+00:00,249.76
2018-03-13 00:00:00+00:00,247.71
2018-03-14 00:00:00+00:00,248.74
2018-03-15 00:00:00+00:00,249.34
2018-03-16 00:00:00+00:00,250.48
2018-03-19 00:00:00+00:00,241.0
2018-03-20 00:00:00+00:00,249.58
2018-03-21 00:00:00+00:00,248.56
2018-03-22 00:00:00+00:00,241.85
2018-03-23 00:00:00+00:00,232.97
2018-03-26 00:00:00+00:00,244.48
2018-03-27 00:00:00+00:00,225.52
2018-03-28 00:00:00+00:00,221.35
2018-03-29 00:00:00+00:00,231.59
2018-04-02 00:00:00+00:00,221.05
2018-04-03 00:00:00+00:00,225.35
2018-04-04 00:00:00+00:00,226.24
2018-04-05 00:00:00+00:00,221.38
2018-04-06 00:00:00+00:00,214.25
2018-04-09 00:00:00+00:00,215.41
2018-04-10 00:00:00+00:00,227.91
2018-04-11 00:00:00+00:00,226.24
2018-04-12 00:00:00+00:00,234.6
2018-04-13 00:00:00+00:00,231.5
2018-04-16 00:00:00+00:00,231.49
2018-04-17 00:00:00+00:00,237.54
2018-04-18 00:00:00+00:00,236.37
2018-04-19 00:00:00+00:00,229.04
2018-04-20 00:00:00+00:00,228.71
2018-04-23 00:00:00+00:00,223.88
2018-04-24 00:00:00+00:00,221.2
2018-04-25 00:00:00+00:00,216.66
2018-04-26 00:00:00+00:00,225.22
2018-04-27 00:00:00+00:00,226.33
2018-04-30 00:00:00+00:00,224.9
2018-05-01 00:00:00+00:00,227.14
2018-05-02 00:00:00+00:00,226.31
2018-05-03 00:00:00+00:00,232.99
2018-05-04 00:00:00+00:00,239.06
2018-05-07 00:00:00+00:00,248.68
2018-05-08 00:00:00+00:00,250.4
2018-05-09 00:00:00+00:00,255.78
2018-05-10 00:00:00+00:00,260.13
2018-05-11 00:00:00+00:00,254.53
2018-05-14 00:00:00+00:00,255.36
2018-05-15 00:00:00+00:00,245.56
2018-05-16 00:00:00+00:00,246.01
2018-05-17 00:00:00+00:00,247.71
2018-05-18 00:00:00+00:00,245.94
2018-05-21 00:00:00+00:00,244.24
2018-05-22 00:00:00+00:00,242.7
2018-05-23 00:00:00+00:00,247.54
2018-05-24 00:00:00+00:00,247.69
2018-05-25 00:00:00+00:00,249.28
2018-05-29 00:00:00+00:00,248.59
2018-05-30 00:00:00+00:00,252.99
2018-05-31 00:00:00+00:00,252.19
2018-06-01 00:00:00+00:00,257.62
2018-06-04 00:00:00+00:00,264.85
2018-06-05 00:00:00+00:00,265.07
2018-06-06 00:00:00+00:00,265.15
2018-06-07 00:00:00+00:00,262.9
2018-06-08 00:00:00+00:00,262.28
2018-06-11 00:00:00+00:00,260.62
2018-06-12 00:00:00+00:00,262.58
2018-06-13 00:00:00+00:00,262.4
2018-06-14 00:00:00+00:00,266.91
2018-06-15 00:00:00+00:00,265.26
2018-06-18 00:00:00+00:00,265.09
2018-06-19 00:00:00+00:00,260.17
2018-06-20 00:00:00+00:00,262.31
2018-06-21 00:00:00+00:00,257.11
2018-06-22 00:00:00+00:00,250.95
2018-06-25 00:00:00+00:00,239.12
2018-06-26 00:00:00+00:00,241.99
2018-06-27 00:00:00+00:00,235.72
2018-06-28 00:00:00+00:00,240.86
2018-06-29 00:00:00+00:00,236.9
2018-07-02 00:00:00+00:00,242.24
2018-07-03 00:00:00+00:00,236.84
2018-07-05 00:00:00+00:00,242.73
2018-07-06 00:00:00+00:00,247.33
2018-07-09 00:00:00+00:00,249.25
2018-07-10 00:00:00+00:00,253.25
2018-07-11 00:00:00+00:00,247.53
2018-07-12 00:00:00+00:00,251.23
2018-07-13 00:00:00+00:00,249.32
2018-07-16 00:00:00+00:00,248.2
2018-07-17 00:00:00+00:00,253.69
2018-07-18 00:00:00+00:00,251.7
2018-07-19 00:00:00+00:00,252.03
2018-07-20 00:00:00+00:00,250.89
2018-07-23 00:00:00+00:00,249.41
2018-07-24 00:00:00+00:00,248.71
2018-07-25 00:00:00+00:00,251.87
2018-07-26 00:00:00+00:00,254.84
2018-07-27 00:00:00+00:00,252.02
2018-07-30 00:00:00+00:00,244.13
2018-07-31 00:00:00+00:00,244.86
2018-08-01 00:00:00+00:00,246.47
2018-08-02 00:00:00+00:00,250.62
2018-08-03 00:00:00+00:00,252.1
2018-08-06 00:00:00+00:00,254.03
2018-08-07 00:00:00+00:00,256.95
2018-08-08 00:00:00+00:00,258.42
2018-08-09 00:00:00+00:00,256.46
2018-08-10 00:00:00+00:00,254.79
2018-08-13 00:00:00+00:00,256.12
2018-08-14 00:00:00+00:00,261.43
2018-08-15 00:00:00+00:00,259.08
2018-08-16 00:00:00+00:00,257.44
2018-08-17 00:00:00+00:00,244.82
2018-08-20 00:00:00+00:00,247.84
2018-08-21 00:00:00+00:00,253.32
2018-08-22 00:00:00+00:00,262.82
2018-08-23 00:00:00+00:00,266.84
2018-08-24 00:00:00+00:00,272.22
2018-08-27 00:00:00+00:00,275.9
2018-08-28 00:00:00+00:00,274.38
2018-08-29 00:00:00+00:00,278.49
2018-08-30 00:00:00+00:00,277.81
2018-08-31 00:00:00+00:00,280.68
2018-09-04 00:00:00+00:00,283.7
2018-09-05 00:00:00+00:00,278.42
2018-09-06 00:00:00+00:00,272.72
2018-09-07 00:00:00+00:00,271.86
2018-09-10 00:00:00+00:00,274.73
2018-09-11 00:00:00+00:00,272.8
2018-09-12 00:00:00+00:00,268.2
2018-09-13 00:00:00+00:00,271.34
2018-09-14 00:00:00+00:00,276.43
2018-09-17 00:00:00+00:00,273.93
2018-09-18 00:00:00+00:00,271.02
2018-09-19 00:00:00+00:00,271.98
2018-09-20 00:00:00+00:00,266.28
2018-09-21 00:00:00+00:00,263.45
2018-09-24 00:00:00+00:00,265.7
2018-09-25 00:00:00+00:00,268.41
2018-09-26 00:00:00+00:00,266.92
2018-09-27 00:00:00+00:00,267.4
2018-09-28 00:00:00+00:00,281.02
2018-10-01 00:00:00+00:00,289.36
2018-10-02 00:00:00+00:00,286.48
2018-10-03 00:00:00+00:00,286.73
2018-10-04 00:00:00+00:00,279.29
2018-10-05 00:00:00+00:00,269.86
2018-10-08 00:00:00+00:00,265.77
2018-10-09 00:00:00+00:00,265.54
2018-10-10 00:00:00+00:00,245.69
2018-10-11 00:00:00+00:00,235.13
2018-10-12 00:00:00+00:00,246.54
2018-10-15 00:00:00+00:00,235.38
2018-10-16 00:00:00+00:00,245.83
2018-10-17 00:00:00+00:00,243.06
2018-10-18 00:00:00+00:00,239.53
2018-10-19 00:00:00+00:00,229.17
2018-10-22 00:00:00+00:00,231.22
2018-10-23 00:00:00+00:00,221.06
2018-10-24 00:00:00+00:00,199.41
2018-10-25 00:00:00+00:00,207.84
2018-10-26 00:00:00+00:00,198.29
2018-10-29 00:00:00+00:00,185.62
2018-10-30 00:00:00+00:00,203.0
2018-10-31 00:00:00+00:00,210.83
2018-11-01 00:00:00+00:00,218.11
2018-11-02 00:00:00+00:00,214.92
2018-11-05 00:00:00+00:00,211.77
2018-11-06 00:00:00+00:00,211.06
2018-11-07 00:00:00+00:00,213.79
2018-11-08 00:00:00+00:00,205.99
2018-11-09 00:00:00+00:00,205.67
2018-11-12 00:00:00+00:00,189.54
2018-11-13 00:00:00+00:00,199.31
2018-11-14 00:00:00+00:00,197.19
2018-11-15 00:00:00+00:00,202.39
2018-11-16 00:00:00+00:00,164.43
2018-11-19 00:00:00+00:00,144.7
2018-11-20 00:00:00+00:00,149.08
2018-11-21 00:00:00+00:00,144.71
2018-11-23 00:00:00+00:00,145.0
2018-11-26 00:00:00+00:00,153.05
2018-11-27 00:00:00+00:00,153.73
2018-11-28 00:00:00+00:00,160.07
2018-11-29 00:00:00+00:00,157.36
2018-11-30 00:00:00+00:00,163.43
2018-12-03 00:00:00+00:00,170.04
2018-12-04 00:00:00+00:00,157.11
2018-12-06 00:00:00+00:00,158.29
2018-12-07 00:00:00+00:00,147.61
2018-12-10 00:00:00+00:00,151.86
2018-12-11 00:00:00+00:00,148.19
2018-12-12 00:00:00+00:00,148.9
2018-12-13 00:00:00+00:00,148.89
2018-12-14 00:00:00+00:00,146.45
2018-12-17 00:00:00+00:00,143.58
2018-12-18 00:00:00+00:00,146.94
2018-12-19 00:00:00+00:00,138.51
2018-12-20 00:00:00+00:00,135.1
2018-12-21 00:00:00+00:00,129.57
2018-12-24 00:00:00+00:00,127.08
2018-12-26 00:00:00+00:00,133.1
2018-12-27 00:00:00+00:00,131.17
2018-12-28 00:00:00+00:00,133.65
2018-12-31 00:00:00+00:00,133.5
2019-01-02 00:00:00+00:00,136.22
2019-01-03 00:00:00+00:00,127.99
2019-01-04 00:00:00+00:00,136.19
2019-01-07 00:00:00+00:00,143.4
2019-01-08 00:00:00+00:00,139.83
2019-01-09 00:00:00+00:00,142.58
2019-01-10 00:00:00+00:00,145.23
2019-01-11 00:00:00+00:00,148.83
2019-01-14 00:00:00+00:00,150.44
2019-01-15 00:00:00+00:00,149.87
2019-01-16 00:00:00+00:00,148.84
2019-01-17 00:00:00+00:00,151.72
2019-01-18 00:00:00+00:00,156.93
2019-01-22 00:00:00+00:00,148.77
2019-01-23 00:00:00+00:00,149.29
2019-01-24 00:00:00+00:00,157.84
2019-01-25 00:00:00+00:00,160.15
2019-01-28 00:00:00+00:00,138.01
2019-01-29 00:00:00+00:00,131.6
2019-01-30 00:00:00+00:00,137.39
2019-01-31 00:00:00+00:00,143.75
2019-02-01 00:00:00+00:00,144.73
2019-02-04 00:00:00+00:00,149.18
2019-02-05 00:00:00+00:00,149.95
2019-02-06 00:00:00+00:00,153.0
2019-02-07 00:00:00+00:00,147.42
2019-02-08 00:00:00+00:00,148.17
2019-02-11 00:00:00+00:00,146.45
2019-02-12 00:00:00+00:00,151.17
2019-02-13 00:00:00+00:00,152.88
2019-02-14 00:00:00+00:00,154.53
2019-02-15 00:00:00+00:00,157.34
2019-02-19 00:00:00+00:00,156.64
2019-02-20 00:00:00+00:00,158.55
2019-02-21 00:00:00+00:00,155.77
2019-02-22 00:00:00+00:00,159.19
2019-02-25 00:00:00+00:00,158.69
2019-02-26 00:00:00+00:00,157.1
2019-02-27 00:00:00+00:00,155.41
2019-02-28 00:00:00+00:00,154.26
2019-03-01 00:00:00+00:00,156.45
2019-03-04 00:00:00+00:00,156.78
2019-03-05 00:00:00+00:00,156.52
2019-03-06 00:00:00+00:00,152.05
2019-03-07 00:00:00+00:00,149.26
2019-03-08 00:00:00+00:00,150.64
2019-03-11 00:00:00+00:00,161.14
2019-03-12 00:00:00+00:00,162.52
2019-03-13 00:00:00+00:00,168.62
2019-03-14 00:00:00+00:00,165.56
2019-03-15 00:00:00+00:00,169.81
2019-03-18 00:00:00+00:00,168.95
2019-03-19 00:00:00+00:00,175.71
2019-03-20 00:00:00+00:00,174.4
2019-03-21 00:00:00+00:00,183.94
2019-03-22 00:00:00+00:00,177.5
2019-03-25 00:00:00+00:00,173.78
2019-03-26 00:00:00+00:00,176.87
2019-03-27 00:00:00+00:00,176.5
2019-03-28 00:00:00+00:00,177.25
2019-03-29 00:00:00+00:00,179.56
2019-04-01 00:00:00+00:00,182.28
2019-04-02 00:00:00+00:00,183.0
2019-04-03 00:00:00+00:00,188.62
2019-04-04 00:00:00+00:00,188.26
2019-04-05 00:00:00+00:00,190.95
2019-04-08 00:00:00+00:00,191.79
2019-04-09 00:00:00+00:00,189.26
2019-04-10 00:00:00+00:00,192.1
2019-04-11 00:00:00+00:00,191.54
2019-04-12 00:00:00+00:00,190.01
2019-04-15 00:00:00+00:00,184.7
2019-04-16 00:00:00+00:00,188.21
2019-04-17 00:00:00+00:00,187.29
2019-04-18 00:00:00+00:00,186.3
2019-04-22 00:00:00+00:00,188.47
2019-04-23 00:00:00+00:00,190.67
2019-04-24 00:00:00+00:00,191.17
2019-04-25 00:00:00+00:00,186.91
2019-04-26 00:00:00+00:00,178.09
2019-04-29 00:00:00+00:00,179.33
2019-04-30 00:00:00+00:00,181.0
2019-05-01 00:00:00+00:00,180.47
2019-05-02 00:00:00+00:00,183.19
2019-05-03 00:00:00+00:00,183.01
2019-05-06 00:00:00+00:00,179.85
2019-05-07 00:00:00+00:00,173.11
2019-05-08 00:00:00+00:00,173.92
2019-05-09 00:00:00+00:00,170.19
2019-05-10 00:00:00+00:00,168.82
2019-05-13 00:00:00+00:00,158.45
2019-05-14 00:00:00+00:00,162.04
2019-05-15 00:00:00+00:00,159.58
2019-05-16 00:00:00+00:00,160.19
2019-05-17 00:00:00+00:00,156.53
2019-05-20 00:00:00+00:00,151.75
2019-05-21 00:00:00+00:00,155.06
2019-05-22 00:00:00+00:00,152.2
2019-05-23 00:00:00+00:00,147.32
2019-05-24 00:00:00+00:00,145.15
2019-05-28 00:00:00+00:00,143.33
2019-05-29 00:00:00+00:00,140.34
2019-05-30 00:00:00+00:00,139.11
2019-05-31 00:00:00+00:00,135.46
2019-06-03 00:00:00+00:00,133.78
2019-06-04 00:00:00+00:00,143.0
2019-06-05 00:00:00+00:00,141.28
2019-06-06 00:00:00+00:00,143.78
2019-06-07 00:00:00+00:00,145.5
2019-06-10 00:00:00+00:00,148.43
2019-06-11 00:00:00+00:00,150.75
2019-06-12 00:00:00+00:00,146.2
2019-06-13 00:00:00+00:00,148.26
2019-06-14 00:00:00+00:00,144.64
2019-06-17 00:00:00+00:00,145.03
2019-06-18 00:00:00+00:00,152.88
2019-06-19 00:00:00+00:00,153.12
2019-06-20 00:00:00+00:00,154.1
2019-06-21 00:00:00+00:00,151.76
2019-06-24 00:00:00+00:00,152.66
2019-06-25 00:00:00+00:00,151.48
2019-06-26 00:00:00+00:00,159.26
2019-06-27 00:00:00+00:00,163.23
2019-06-28 00:00:00+00:00,164.23
2019-07-01 00:00:00+00:00,166.17
2019-07-02 00:00:00+00:00,162.23
2019-07-03 00:00:00+00:00,162.75
2019-07-05 00:00:00+00:00,160.23
2019-07-08 00:00:00+00:00,157.21
2019-07-09 00:00:00+00:00,157.31
2019-07-10 00:00:00+00:00,160.06
2019-07-11 00:00:00+00:00,166.28
2019-07-12 00:00:00+00:00,167.61
2019-07-15 00:00:00+00:00,167.27
2019-07-16 00:00:00+00:00,167.08
2019-07-17 00:00:00+00:00,169.71
2019-07-18 00:00:00+00:00,170.18
2019-07-19 00:00:00+00:00,168.44
2019-07-22 00:00:00+00:00,171.32
2019-07-23 00:00:00+00:00,175.66
2019-07-24 00:00:00+00:00,178.66
2019-07-25 00:00:00+00:00,173.38
2019-07-26 00:00:00+00:00,175.07
2019-07-29 00:00:00+00:00,174.82
2019-07-30 00:00:00+00:00,175.45
2019-07-31 00:00:00+00:00,168.72
2019-08-01 00:00:00+00:00,164.92
2019-08-02 00:00:00+00:00,161.19
2019-08-05 00:00:00+00:00,150.79
2019-08-06 00:00:00+00:00,152.35
2019-08-07 00:00:00+00:00,153.89
2019-08-08 00:00:00+00:00,158.26
2019-08-09 00:00:00+00:00,154.18
2019-08-12 00:00:00+00:00,151.45
2019-08-13 00:00:00+00:00,156.05
2019-08-14 00:00:00+00:00,150.07
2019-08-15 00:00:00+00:00,148.77
2019-08-16 00:00:00+00:00,159.56
2019-08-19 00:00:00+00:00,170.78
2019-08-20 00:00:00+00:00,167.87
2019-08-21 00:00:00+00:00,171.23
2019-08-22 00:00:00+00:00,171.48
2019-08-23 00:00:00+00:00,162.44
2019-08-26 00:00:00+00:00,165.45
2019-08-27 00:00:00+00:00,161.8
2019-08-28 00:00:00+00:00,161.22
2019-08-29 00:00:00+00:00,167.0
2019-08-30 00:00:00+00:00,167.51
2019-09-03 00:00:00+00:00,164.17
2019-09-04 00:00:00+00:00,168.76
2019-09-05 00:00:00+00:00,179.74
2019-09-06 00:00:00+00:00,178.65
2019-09-09 00:00:00+00:00,180.5
2019-09-10 00:00:00+00:00,183.18
2019-09-11 00:00:00+00:00,184.33
2019-09-12 00:00:00+00:00,184.27
2019-09-13 00:00:00+00:00,181.94
2019-09-16 00:00:00+00:00,180.21
2019-09-17 00:00:00+00:00,181.07
2019-09-18 00:00:00+00:00,179.98
2019-09-19 00:00:00+00:00,176.94
2019-09-20 00:00:00+00:00,172.69
2019-09-23 00:00:00+00:00,174.84
2019-09-24 00:00:00+00:00,172.53
2019-09-25 00:00:00+00:00,178.23
2019-09-26 00:00:00+00:00,177.34
2019-09-27 00:00:00+00:00,171.76
2019-09-30 00:00:00+00:00,174.07
2019-10-01 00:00:00+00:00,174.0
2019-10-02 00:00:00+00:00,173.04
2019-10-03 00:00:00+00:00,181.31
2019-10-04 00:00:00+00:00,181.97
2019-10-07 00:00:00+00:00,184.33
2019-10-08 00:00:00+00:00,177.23
2019-10-09 00:00:00+00:00,180.71
2019-10-10 00:00:00+00:00,183.03
2019-10-11 00:00:00+00:00,185.99
2019-10-14 00:00:00+00:00,186.53
2019-10-15 00:00:00+00:00,196.37
2019-10-16 00:00:00+00:00,194.21
2019-10-17 00:00:00+00:00,194.29
2019-10-18 00:00:00+00:00,190.49
2019-10-21 00:00:00+00:00,196.01
2019-10-22 00:00:00+00:00,195.61
2019-10-23 00:00:00+00:00,195.09
2019-10-24 00:00:00+00:00,196.86
2019-10-25 00:00:00+00:00,204.54
2019-10-28 00:00:00+00:00,206.79
2019-10-29 00:00:00+00:00,202.92
2019-10-30 00:00:00+00:00,203.0
2019-10-31 00:00:00+00:00,201.02
2019-11-01 00:00:00+00:00,202.59
2019-11-04 00:00:00+00:00,210.5
2019-11-05 00:00:00+00:00,209.61
2019-11-06 00:00:00+00:00,207.63
2019-11-07 00:00:00+00:00,208.34
2019-11-08 00:00:00+00:00,207.78
2019-11-11 00:00:00+00:00,208.18
2019-11-12 00:00:00+00:00,209.61
2019-11-13 00:00:00+00:00,208.57
2019-11-14 00:00:00+00:00,209.79
2019-11-15 00:00:00+00:00,204.19
2019-11-18 00:00:00+00:00,212.28
2019-11-19 00:00:00+00:00,207.99
2019-11-20 00:00:00+00:00,211.18
2019-11-21 00:00:00+00:00,210.18
2019-11-22 00:00:00+00:00,210.89
2019-11-25 00:00:00+00:00,221.21
2019-11-26 00:00:00+00:00,217.0
2019-11-27 00:00:00+00:00,218.24
2019-11-29 00:00:00+00:00,216.74
2019-12-02 00:00:00+00:00,209.25
2019-12-03 00:00:00+00:00,207.66
2019-12-04 00:00:00+00:00,209.42
2019-12-05 00:00:00+00:00,208.74
2019-12-06 00:00:00+00:00,212.17
2019-12-09 00:00:00+00:00,212.17
2019-12-10 00:00:00+00:00,213.98
2019-12-11 00:00:00+00:00,217.34
2019-12-12 00:00:00+00:00,224.07
2019-12-13 00:00:00+00:00,223.99
2019-12-16 00:00:00+00:00,225.15
2019-12-17 00:00:00+00:00,228.29
2019-12-18 00:00:00+00:00,229.51
2019-12-19 00:00:00+00:00,235.46
2019-12-20 00:00:00+00:00,239.37
2019-12-23 00:00:00+00:00,238.82
2019-12-24 00:00:00+00:00,238.62
2019-12-26 00:00:00+00:00,239.19
2019-12-27 00:00:00+00:00,236.87
2019-12-30 00:00:00+00:00,232.32
2019-12-31 00:00:00+00:00,235.3
2020-01-02 00:00:00+00:00,239.91
2020-01-03 00:00:00+00:00,236.07
2020-01-06 00:00:00+00:00,237.06
2020-01-07 00:00:00+00:00,239.93
2020-01-08 00:00:00+00:00,240.38
2020-01-09 00:00:00+00:00,243.02
2020-01-10 00:00:00+00:00,244.32
2020-01-13 00:00:00+00:00,251.98
2020-01-14 00:00:00+00:00,247.28
2020-01-15 00:00:00+00:00,245.57
2020-01-16 00:00:00+00:00,248.93
2020-01-17 00:00:00+00:00,249.28
2020-01-21 00:00:00+00:00,247.94
2020-01-22 00:00:00+00:00,250.11
2020-01-23 00:00:00+00:00,252.86
2020-01-24 00:00:00+00:00,250.48
2020-01-27 00:00:00+00:00,240.2
2020-01-28 00:00:00+00:00,247.97
2020-01-29 00:00:00+00:00,245.54
2020-01-30 00:00:00+00:00,245.81
2020-01-31 00:00:00+00:00,236.43
2020-02-03 00:00:00+00:00,240.33
2020-02-04 00:00:00+00:00,247.13
2020-02-05 00:00:00+00:00,250.76
2020-02-06 00:00:00+00:00,254.25
2020-02-07 00:00:00+00:00,251.59
2020-02-10 00:00:00+00:00,262.97
2020-02-11 00:00:00+00:00,267.89
2020-02-12 00:00:00+00:00,272.54
2020-02-13 00:00:00+00:00,270.78
2020-02-14 00:00:00+00:00,289.79
2020-02-18 00:00:00+00:00,296.57
2020-02-19 00:00:00+00:00,314.7
2020-02-20 00:00:00+00:00,308.7
2020-02-21 00:00:00+00:00,294.07
2020-02-24 00:00:00+00:00,273.28
2020-02-25 00:00:00+00:00,262.05
2020-02-26 00:00:00+00:00,267.65
2020-02-27 00:00:00+00:00,252.6
2020-02-28 00:00:00+00:00,270.07
2020-03-02 00:00:00+00:00,276.43
2020-03-03 00:00:00+00:00,265.89
2020-03-04 00:00:00+00:00,284.51
2020-03-05 00:00:00+00:00,273.29
2020-03-06 00:00:00+00:00,266.04
2020-03-09 00:00:00+00:00,245.44
2020-03-10 00:00:00+00:00,261.08
2020-03-11 00:00:00+00:00,246.47
2020-03-12 00:00:00+00:00,216.31
2020-03-13 00:00:00+00:00,240.84
2020-03-16 00:00:00+00:00,196.4
2020-03-17 00:00:00+00:00,217.27
2020-03-18 00:00:00+00:00,202.82
2020-03-19 00:00:00+00:00,212.97
2020-03-20 00:00:00+00:00,205.75
2020-03-23 00:00:00+00:00,212.69
2020-03-24 00:00:00+00:00,249.18
2020-03-25 00:00:00+00:00,245.62
2020-03-26 00:00:00+00:00,257.24
2020-03-27 00:00:00+00:00,252.73
2020-03-30 00:00:00+00:00,265.59
2020-03-31 00:00:00+00:00,263.6
2020-04-01 00:00:00+00:00,243.07
2020-04-02 00:00:00+00:00,255.47
2020-04-03 00:00:00+00:00,243.91
2020-04-06 00:00:00+00:00,268.4
2020-04-07 00:00:00+00:00,259.03
2020-04-08 00:00:00+00:00,266.95
2020-04-09 00:00:00+00:00,262.95
2020-04-13 00:00:00+00:00,269.85
2020-04-14 00:00:00+00:00,283.95
2020-04-15 00:00:00+00:00,280.84
2020-04-16 00:00:00+00:00,294.7
2020-04-17 00:00:00+00:00,292.32
2020-04-20 00:00:00+00:00,287.05
2020-04-21 00:00:00+00:00,269.51
2020-04-22 00:00:00+00:00,286.15
2020-04-23 00:00:00+00:00,284.01
2020-04-24 00:00:00+00:00,289.59
2020-04-27 00:00:00+00:00,297.08
2020-04-28 00:00:00+00:00,291.36
2020-04-29 00:00:00+00:00,298.46
2020-04-30 00:00:00+00:00,292.28
2020-05-01 00:00:00+00:00,282.78
2020-05-04 00:00:00+00:00,291.29
2020-05-05 00:00:00+00:00,293.74
2020-05-06 00:00:00+00:00,297.79
2020-05-07 00:00:00+00:00,304.87
2020-05-08 00:00:00+00:00,312.5
2020-05-11 00:00:00+00:00,322.62
2020-05-12 00:00:00+00:00,312.1
2020-05-13 00:00:00+00:00,311.2
2020-05-14 00:00:00+00:00,321.22
2020-05-15 00:00:00+00:00,339.63
2020-05-18 00:00:00+00:00,350.01
2020-05-19 00:00:00+00:00,352.22
2020-05-20 00:00:00+00:00,358.8
2020-05-21 00:00:00+00:00,351.01
2020-05-22 00:00:00+00:00,361.05
2020-05-26 00:00:00+00:00,348.71
2020-05-27 00:00:00+00:00,341.01
2020-05-28 00:00:00+00:00,339.48
2020-05-29 00:00:00+00:00,355.02
2020-06-01 00:00:00+00:00,352.25
2020-06-02 00:00:00+00:00,353.01
2020-06-03 00:00:00+00:00,350.78
2020-06-04 00:00:00+00:00,350.66
2020-06-05 00:00:00+00:00,356.8
2020-06-08 00:00:00+00:00,352.2
2020-06-09 00:00:00+00:00,361.84
2020-06-10 00:00:00+00:00,374.67
2020-06-11 00:00:00+00:00,351.85
2020-06-12 00:00:00+00:00,357.3
2020-06-15 00:00:00+00:00,366.95
2020-06-16 00:00:00+00:00,362.74
2020-06-17 00:00:00+00:00,369.44
2020-06-18 00:00:00+00:00,368.72
2020-06-19 00:00:00+00:00,370.45
2020-06-22 00:00:00+00:00,381.07
2020-06-23 00:00:00+00:00,378.0
2020-06-24 00:00:00+00:00,369.42
2020-06-25 00:00:00+00:00,379.6
2020-06-26 00:00:00+00:00,366.2
2020-06-29 00:00:00+00:00,368.0
2020-06-30 00:00:00+00:00,379.91
2020-07-01 00:00:00+00:00,381.2
2020-07-02 00:00:00+00:00,384.49
2020-07-06 00:00:00+00:00,393.57
2020-07-07 00:00:00+00:00,394.87
2020-07-08 00:00:00+00:00,408.64
2020-07-09 00:00:00+00:00,420.36
2020-07-10 00:00:00+00:00,419.17
2020-07-13 00:00:00+00:00,402.09
2020-07-14 00:00:00+00:00,415.08
2020-07-15 00:00:00+00:00,409.09
2020-07-16 00:00:00+00:00,405.39
2020-07-17 00:00:00+00:00,408.06
2020-07-20 00:00:00+00:00,420.43
2020-07-21 00:00:00+00:00,413.14
2020-07-22 00:00:00+00:00,417.55
2020-07-23 00:00:00+00:00,405.19
2020-07-24 00:00:00+00:00,407.78
2020-07-27 00:00:00+00:00,416.86
2020-07-28 00:00:00+00:00,408.62
2020-07-29 00:00:00+00:00,418.62
2020-07-30 00:00:00+00:00,424.56
2020-07-31 00:00:00+00:00,424.59
2020-08-03 00:00:00+00:00,440.41
2020-08-04 00:00:00+00:00,449.11
2020-08-05 00:00:00+00:00,451.47
2020-08-06 00:00:00+00:00,453.42
2020-08-07 00:00:00+00:00,447.98
2020-08-10 00:00:00+00:00,446.6
2020-08-11 00:00:00+00:00,434.0
2020-08-12 00:00:00+00:00,457.61
2020-08-13 00:00:00+00:00,457.72
2020-08-14 00:00:00+00:00,462.56
2020-08-17 00:00:00+00:00,493.48
2020-08-18 00:00:00+00:00,490.43
2020-08-19 00:00:00+00:00,485.54
2020-08-20 00:00:00+00:00,485.64
2020-08-21 00:00:00+00:00,507.34
2020-08-24 00:00:00+00:00,508.81
2020-08-25 00:00:00+00:00,510.0
2020-08-26 00:00:00+00:00,510.92
2020-08-27 00:00:00+00:00,505.13
2020-08-28 00:00:00+00:00,525.91
2020-08-31 00:00:00+00:00,534.98
2020-09-01 00:00:00+00:00,552.84
2020-09-02 00:00:00+00:00,573.86
2020-09-03 00:00:00+00:00,520.62
2020-09-04 00:00:00+00:00,504.9
2020-09-08 00:00:00+00:00,476.52
2020-09-09 00:00:00+00:00,508.6
2020-09-10 00:00:00+00:00,492.47
2020-09-11 00:00:00+00:00,486.58
2020-09-14 00:00:00+00:00,514.89
2020-09-15 00:00:00+00:00,519.64
2020-09-16 00:00:00+00:00,500.58
2020-09-17 00:00:00+00:00,498.54
2020-09-18 00:00:00+00:00,487.57
2020-09-21 00:00:00+00:00,500.69
2020-09-22 00:00:00+00:00,505.51
2020-09-23 00:00:00+00:00,484.95
2020-09-24 00:00:00+00:00,493.92
2020-09-25 00:00:00+00:00,514.95
2020-09-28 00:00:00+00:00,521.4
2020-09-29 00:00:00+00:00,529.03
2020-09-30 00:00:00+00:00,541.22
2020-10-01 00:00:00+00:00,544.58
2020-10-02 00:00:00+00:00,522.49
2020-10-05 00:00:00+00:00,545.7
2020-10-06 00:00:00+00:00,549.46
2020-10-07 00:00:00+00:00,558.56
2020-10-08 00:00:00+00:00,553.55
2020-10-09 00:00:00+00:00,550.51
2020-10-12 00:00:00+00:00,569.04
2020-10-13 00:00:00+00:00,569.93
2020-10-14 00:00:00+00:00,563.81
2020-10-15 00:00:00+00:00,558.8
2020-10-16 00:00:00+00:00,552.46
2020-10-19 00:00:00+00:00,539.91
2020-10-20 00:00:00+00:00,545.82
2020-10-21 00:00:00+00:00,540.99
2020-10-22 00:00:00+00:00,534.44
2020-10-23 00:00:00+00:00,543.61
2020-10-26 00:00:00+00:00,525.65
2020-10-27 00:00:00+00:00,535.87
2020-10-28 00:00:00+00:00,505.08
2020-10-29 00:00:00+00:00,520.96
2020-10-30 00:00:00+00:00,501.36
2020-11-02 00:00:00+00:00,503.23
2020-11-03 00:00:00+00:00,520.78
2020-11-04 00:00:00+00:00,551.77
2020-11-05 00:00:00+00:00,566.4
2020-11-06 00:00:00+00:00,582.48
2020-11-09 00:00:00+00:00,545.23
2020-11-10 00:00:00+00:00,510.8
2020-11-11 00:00:00+00:00,536.72
2020-11-12 00:00:00+00:00,538.27
2020-11-13 00:00:00+00:00,531.88
2020-11-16 00:00:00+00:00,540.61
2020-11-17 00:00:00+00:00,536.89
2020-11-18 00:00:00+00:00,537.15
2020-11-19 00:00:00+00:00,537.61
2020-11-20 00:00:00+00:00,523.51
2020-11-23 00:00:00+00:00,525.6
2020-11-24 00:00:00+00:00,518.31
2020-11-25 00:00:00+00:00,529.39
2020-11-27 00:00:00+00:00,530.45
2020-11-30 00:00:00+00:00,536.06
2020-12-01 00:00:00+00:00,535.6
2020-12-02 00:00:00+00:00,541.78
2020-12-03 00:00:00+00:00,535.84
2020-12-04 00:00:00+00:00,542.33
2020-12-07 00:00:00+00:00,544.27
2020-12-08 00:00:00+00:00,534.0
2020-12-09 00:00:00+00:00,517.23
2020-12-10 00:00:00+00:00,518.89
2020-12-11 00:00:00+00:00,520.53
2020-12-14 00:00:00+00:00,532.35
2020-12-15 00:00:00+00:00,534.42
2020-12-16 00:00:00+00:00,529.7
2020-12-17 00:00:00+00:00,533.65
2020-12-18 00:00:00+00:00,530.88
2020-12-21 00:00:00+00:00,533.29
2020-12-22 00:00:00+00:00,531.13
2020-12-23 00:00:00+00:00,520.37
2020-12-24 00:00:00+00:00,519.75
2020-12-28 00:00:00+00:00,516.0
2020-12-29 00:00:00+00:00,517.73
2020-12-30 00:00:00+00:00,525.83
2020-12-31 00:00:00+00:00,522.2
2021-01-04 00:00:00+00:00,524.54
2021-01-05 00:00:00+00:00,536.19
2021-01-06 00:00:00+00:00,504.58
2021-01-07 00:00:00+00:00,533.76
2021-01-08 00:00:00+00:00,531.07
2021-01-11 00:00:00+00:00,544.86
2021-01-12 00:00:00+00:00,539.39
2021-01-13 00:00:00+00:00,541.27
2021-01-14 00:00:00+00:00,528.01
2021-01-15 00:00:00+00:00,514.38
2021-01-19 00:00:00+00:00,521.01
2021-01-20 00:00:00+00:00,534.63
2021-01-21 00:00:00+00:00,554.7
2021-01-22 00:00:00+00:00,548.5
2021-01-25 00:00:00+00:00,546.13
2021-01-26 00:00:00+00:00,537.41
2021-01-27 00:00:00+00:00,516.71
2021-01-28 00:00:00+00:00,522.04
2021-01-29 00:00:00+00:00,519.59
2021-02-01 00:00:00+00:00,529.48
2021-02-02 00:00:00+00:00,542.27
2021-02-03 00:00:00+00:00,541.22
2021-02-04 00:00:00+00:00,546.57
2021-02-05 00:00:00+00:00,543.64
2021-02-08 00:00:00+00:00,577.55
2021-02-09 00:00:00+00:00,570.53
2021-02-10 00:00:00+00:00,590.57
2021-02-11 00:00:00+00:00,610.03
2021-02-12 00:00:00+00:00,598.45
2021-02-16 00:00:00+00:00,613.21
2021-02-17 00:00:00+00:00,596.24
2021-02-18 00:00:00+00:00,593.16
2021-02-19 00:00:00+00:00,597.06
2021-02-22 00:00:00+00:00,574.23
2021-02-23 00:00:00+00:00,565.68
2021-02-24 00:00:00+00:00,579.96
2021-02-25 00:00:00+00:00,532.3
2021-02-26 00:00:00+00:00,548.58
2021-03-01 00:00:00+00:00,553.67
2021-03-02 00:00:00+00:00,536.25
2021-03-03 00:00:00+00:00,512.19
2021-03-04 00:00:00+00:00,494.81
2021-03-05 00:00:00+00:00,498.46
2021-03-08 00:00:00+00:00,463.73
2021-03-09 00:00:00+00:00,500.81
2021-03-10 00:00:00+00:00,498.73
2021-03-11 00:00:00+00:00,519.74
2021-03-12 00:00:00+00:00,514.24
2021-03-15 00:00:00+00:00,527.65
2021-03-16 00:00:00+00:00,531.65
2021-03-17 00:00:00+00:00,533.65
2021-03-18 00:00:00+00:00,508.9
2021-03-19 00:00:00+00:00,513.83
2021-03-22 00:00:00+00:00,527.45
2021-03-23 00:00:00+00:00,522.83
2021-03-24 00:00:00+00:00,505.72
2021-03-25 00:00:00+00:00,501.41
2021-03-26 00:00:00+00:00,513.57
2021-03-29 00:00:00+00:00,517.93
2021-03-30 00:00:00+00:00,514.87
2021-03-31 00:00:00+00:00,533.93
2021-04-01 00:00:00+00:00,552.47
2021-04-05 00:00:00+00:00,559.5
2021-04-06 00:00:00+00:00,554.46
2021-04-07 00:00:00+00:00,565.74
2021-04-08 00:00:00+00:00,572.68
2021-04-09 00:00:00+00:00,576.0
2021-04-12 00:00:00+00:00,608.36
2021-04-13 00:00:00+00:00,627.18
2021-04-14 00:00:00+00:00,611.08
2021-04-15 00:00:00+00:00,645.49
2021-04-16 00:00:00+00:00,636.5
2021-04-19 00:00:00+00:00,614.47
2021-04-20 00:00:00+00:00,606.85
2021-04-21 00:00:00+00:00,614.42
2021-04-22 00:00:00+00:00,594.01
2021-04-23 00:00:00+00:00,610.61
2021-04-26 00:00:00+00:00,619.12
2021-04-27 00:00:00+00:00,615.27
2021-04-28 00:00:00+00:00,611.07
2021-04-29 00:00:00+00:00,612.99
2021-04-30 00:00:00+00:00,600.38
2021-05-03 00:00:00+00:00,593.47
2021-05-04 00:00:00+00:00,574.05
2021-05-05 00:00:00+00:00,578.34
2021-05-06 00:00:00+00:00,580.92
2021-05-07 00:00:00+00:00,592.49
2021-05-10 00:00:00+00:00,570.63
2021-05-11 00:00:00+00:00,572.25
2021-05-12 00:00:00+00:00,550.34
2021-05-13 00:00:00+00:00,546.61
2021-05-14 00:00:00+00:00,569.72
2021-05-17 00:00:00+00:00,566.62
2021-05-18 00:00:00+00:00,560.63
2021-05-19 00:00:00+00:00,562.63
2021-05-20 00:00:00+00:00,584.5
2021-05-21 00:00:00+00:00,599.67
2021-05-24 00:00:00+00:00,624.48
2021-05-25 00:00:00+00:00,625.91
2021-05-26 00:00:00+00:00,628.0
2021-05-27 00:00:00+00:00,619.52
2021-05-28 00:00:00+00:00,649.78
2021-06-01 00:00:00+00:00,650.58
2021-06-02 00:00:00+00:00,671.13
2021-06-03 00:00:00+00:00,678.79
2021-06-04 00:00:00+00:00,703.13
2021-06-07 00:00:00+00:00,704.76
2021-06-08 00:00:00+00:00,698.28
2021-06-09 00:00:00+00:00,694.33
2021-06-10 00:00:00+00:00,697.0
2021-06-11 00:00:00+00:00,713.01
2021-06-14 00:00:00+00:00,720.75
2021-06-15 00:00:00+00:00,711.54
2021-06-16 00:00:00+00:00,712.41
2021-06-17 00:00:00+00:00,746.29
2021-06-18 00:00:00+00:00,745.55
2021-06-21 00:00:00+00:00,737.09
2021-06-22 00:00:00+00:00,755.47
2021-06-23 00:00:00+00:00,762.29
2021-06-24 00:00:00+00:00,768.22
2021-06-25 00:00:00+00:00,761.24
2021-06-28 00:00:00+00:00,799.4
2021-06-29 00:00:00+00:00,801.07
2021-06-30 00:00:00+00:00,800.1
2021-07-01 00:00:00+00:00,808.48
2021-07-02 00:00:00+00:00,819.48
2021-07-06 00:00:00+00:00,827.94
2021-07-07 00:00:00+00:00,814.87
2021-07-08 00:00:00+00:00,796.11
2021-07-09 00:00:00+00:00,802.01
2021-07-12 00:00:00+00:00,820.5
2021-07-13 00:00:00+00:00,810.0
2021-07-14 00:00:00+00:00,793.66
2021-07-15 00:00:00+00:00,758.65
2021-07-16 00:00:00+00:00,726.44
2021-07-19 00:00:00+00:00,751.19
2021-07-20 00:00:00+00:00,186.12
2021-07-21 00:00:00+00:00,194.1
2021-07-22 00:00:00+00:00,195.94
2021-07-23 00:00:00+00:00,195.58
2021-07-26 00:00:00+00:00,192.94
2021-07-27 00:00:00+00:00,192.08
2021-07-28 00:00:00+00:00,195.03
2021-07-29 00:00:00+00:00,196.62
2021-07-30 00:00:00+00:00,194.99
2021-08-02 00:00:00+00:00,197.5
2021-08-03 00:00:00+00:00,198.15
2021-08-04 00:00:00+00:00,202.74
2021-08-05 00:00:00+00:00,206.37
2021-08-06 00:00:00+00:00,203.66
2021-08-09 00:00:00+00:00,202.95
2021-08-10 00:00:00+00:00,199.36
2021-08-11 00:00:00+00:00,196.99
2021-08-12 00:00:00+00:00,199.05
2021-08-13 00:00:00+00:00,201.88
2021-08-16 00:00:00+00:00,199.5
2021-08-17 00:00:00+00:00,194.58
2021-08-18 00:00:00+00:00,190.4
2021-08-19 00:00:00+00:00,197.98
2021-08-20 00:00:00+00:00,208.16
2021-08-23 00:00:00+00:00,219.58
2021-08-24 00:00:00+00:00,217.93
2021-08-25 00:00:00+00:00,222.13
2021-08-26 00:00:00+00:00,220.68
2021-08-27 00:00:00+00:00,226.36
2021-08-30 00:00:00+00:00,226.88
2021-08-31 00:00:00+00:00,223.85
2021-09-01 00:00:00+00:00,224.41
2021-09-02 00:00:00+00:00,223.96
2021-09-03 00:00:00+00:00,228.43
2021-09-07 00:00:00+00:00,226.62
2021-09-08 00:00:00+00:00,223.39
2021-09-09 00:00:00+00:00,221.77
2021-09-10 00:00:00+00:00,224.78
2021-09-13 00:00:00+00:00,221.52
2021-09-14 00:00:00+00:00,222.42
2021-09-15 00:00:00+00:00,223.41
2021-09-16 00:00:00+00:00,222.42
2021-09-17 00:00:00+00:00,219.0
2021-09-20 00:00:00+00:00,211.13
2021-09-21 00:00:00+00:00,212.46
2021-09-22 00:00:00+00:00,219.41
2021-09-23 00:00:00+00:00,224.82
2021-09-24 00:00:00+00:00,220.81
2021-09-27 00:00:00+00:00,216.6
2021-09-28 00:00:00+00:00,206.99
2021-09-29 00:00:00+00:00,205.17
2021-09-30 00:00:00+00:00,207.16
2021-10-01 00:00:00+00:00,207.42
2021-10-04 00:00:00+00:00,197.32
2021-10-05 00:00:00+00:00,204.51
2021-10-06 00:00:00+00:00,207.0
2021-10-07 00:00:00+00:00,210.75
2021-10-08 00:00:00+00:00,208.31
2021-10-11 00:00:00+00:00,206.95
2021-10-12 00:00:00+00:00,206.71
2021-10-13 00:00:00+00:00,209.39
2021-10-14 00:00:00+00:00,217.46
2021-10-15 00:00:00+00:00,218.62
2021-10-18 00:00:00+00:00,222.22
2021-10-19 00:00:00+00:00,222.9
2021-10-20 00:00:00+00:00,221.03
2021-10-21 00:00:00+00:00,226.92
2021-10-22 00:00:00+00:00,227.26
2021-10-25 00:00:00+00:00,231.66
2021-10-26 00:00:00+00:00,247.17
2021-10-27 00:00:00+00:00,244.51
2021-10-28 00:00:00+00:00,249.41
2021-10-29 00:00:00+00:00,255.67
2021-11-01 00:00:00+00:00,258.27
2021-11-02 00:00:00+00:00,264.01
2021-11-03 00:00:00+00:00,265.98
2021-11-04 00:00:00+00:00,298.01
2021-11-05 00:00:00+00:00,297.52
2021-11-08 00:00:00+00:00,308.04
2021-11-09 00:00:00+00:00,306.57
2021-11-10 00:00:00+00:00,294.59
2021-11-11 00:00:00+00:00,303.9
2021-11-12 00:00:00+00:00,303.9
2021-11-15 00:00:00+00:00,300.25
2021-11-16 00:00:00+00:00,302.03
2021-11-17 00:00:00+00:00,292.61
2021-11-18 00:00:00+00:00,316.75
2021-11-19 00:00:00+00:00,329.85
2021-11-22 00:00:00+00:00,319.56
2021-11-23 00:00:00+00:00,317.46
2021-11-24 00:00:00+00:00,326.74
2021-11-26 00:00:00+00:00,315.03
2021-11-29 00:00:00+00:00,333.76
2021-11-30 00:00:00+00:00,326.76
2021-12-01 00:00:00+00:00,314.35
2021-12-02 00:00:00+00:00,321.26
2021-12-03 00:00:00+00:00,306.93
2021-12-06 00:00:00+00:00,300.37
2021-12-07 00:00:00+00:00,324.27
2021-12-08 00:00:00+00:00,318.26
2021-12-09 00:00:00+00:00,304.9
2021-12-10 00:00:00+00:00,301.98
2021-12-13 00:00:00+00:00,281.61
2021-12-14 00:00:00+00:00,283.37
2021-12-15 00:00:00+00:00,304.59
2021-12-16 00:00:00+00:00,283.87
2021-12-17 00:00:00+00:00,278.01
2021-12-20 00:00:00+00:00,277.19
2021-12-21 00:00:00+00:00,290.75
2021-12-22 00:00:00+00:00,294.0
2021-12-23 00:00:00+00:00,296.4
2021-12-27 00:00:00+00:00,309.45
2021-12-28 00:00:00+00:00,303.22
2021-12-29 00:00:00+00:00,300.01
2021-12-30 00:00:00+00:00,295.86
2021-12-31 00:00:00+00:00,294.11
2022-01-03 00:00:00+00:00,301.21
2022-01-04 00:00:00+00:00,292.9
2022-01-05 00:00:00+00:00,276.04
2022-01-06 00:00:00+00:00,281.78
2022-01-07 00:00:00+00:00,272.47
2022-01-10 00:00:00+00:00,274.0
2022-01-11 00:00:00+00:00,278.17
2022-01-12 00:00:00+00:00,279.99
2022-01-13 00:00:00+00:00,265.75
2022-01-14 00:00:00+00:00,269.42
2022-01-18 00:00:00+00:00,259.03
2022-01-19 00:00:00+00:00,250.67
2022-01-20 00:00:00+00:00,241.5
2022-01-21 00:00:00+00:00,233.74
2022-01-24 00:00:00+00:00,233.72
2022-01-25 00:00:00+00:00,223.24
2022-01-26 00:00:00+00:00,227.72
2022-01-27 00:00:00+00:00,219.44
2022-01-28 00:00:00+00:00,228.4
2022-01-31 00:00:00+00:00,244.86
2022-02-01 00:00:00+00:00,246.38
2022-02-02 00:00:00+00:00,252.42
2022-02-03 00:00:00+00:00,239.48
2022-02-04 00:00:00+00:00,243.19
2022-02-07 00:00:00+00:00,247.28
2022-02-08 00:00:00+00:00,251.08
2022-02-09 00:00:00+00:00,267.05
2022-02-10 00:00:00+00:00,258.24
2022-02-11 00:00:00+00:00,239.49
2022-02-14 00:00:00+00:00,242.67
2022-02-15 00:00:00+00:00,264.95
2022-02-16 00:00:00+00:00,265.11
2022-02-17 00:00:00+00:00,245.07
2022-02-18 00:00:00+00:00,236.42
2022-02-22 00:00:00+00:00,233.9
2022-02-23 00:00:00+00:00,223.87
2022-02-24 00:00:00+00:00,237.48
2022-02-25 00:00:00+00:00,241.57
2022-02-28 00:00:00+00:00,243.85
2022-03-01 00:00:00+00:00,234.77
2022-03-02 00:00:00+00:00,242.2
2022-03-03 00:00:00+00:00,237.14
2022-03-04 00:00:00+00:00,229.36
2022-03-07 00:00:00+00:00,213.52
2022-03-08 00:00:00+00:00,215.14
2022-03-09 00:00:00+00:00,230.14
2022-03-10 00:00:00+00:00,226.58
2022-03-11 00:00:00+00:00,221.0
2022-03-14 00:00:00+00:00,213.3
2022-03-15 00:00:00+00:00,229.73
2022-03-16 00:00:00+00:00,244.96
2022-03-17 00:00:00+00:00,247.66
2022-03-18 00:00:00+00:00,264.53
2022-03-21 00:00:00+00:00,267.34
2022-03-22 00:00:00+00:00,265.24
2022-03-23 00:00:00+00:00,256.34
2022-03-24 00:00:00+00:00,281.5
2022-03-25 00:00:00+00:00,276.92
2022-03-28 00:00:00+00:00,282.19
2022-03-29 00:00:00+00:00,286.56
2022-03-30 00:00:00+00:00,276.9
2022-03-31 00:00:00+00:00,272.86
2022-04-01 00:00:00+00:00,267.12
2022-04-04 00:00:00+00:00,273.6
2022-04-05 00:00:00+00:00,259.31
2022-04-06 00:00:00+00:00,244.07
2022-04-07 00:00:00+00:00,242.08
2022-04-08 00:00:00+00:00,231.19
2022-04-11 00:00:00+00:00,219.17
2022-04-12 00:00:00+00:00,215.04
2022-04-13 00:00:00+00:00,222.03
2022-04-14 00:00:00+00:00,212.58
2022-04-18 00:00:00+00:00,217.83
2022-04-19 00:00:00+00:00,221.98
2022-04-20 00:00:00+00:00,214.82
2022-04-21 00:00:00+00:00,201.83
2022-04-22 00:00:00+00:00,195.15
2022-04-25 00:00:00+00:00,199.02
2022-04-26 00:00:00+00:00,187.88
2022-04-27 00:00:00+00:00,184.15
2022-04-28 00:00:00+00:00,197.82
2022-04-29 00:00:00+00:00,185.47
2022-05-02 00:00:00+00:00,195.33
2022-05-03 00:00:00+00:00,196.02
2022-05-04 00:00:00+00:00,203.34
2022-05-05 00:00:00+00:00,188.44
2022-05-06 00:00:00+00:00,186.75
2022-05-09 00:00:00+00:00,169.5
2022-05-10 00:00:00+00:00,175.95
2022-05-11 00:00:00+00:00,166.3
2022-05-12 00:00:00+00:00,161.75
2022-05-13 00:00:00+00:00,177.06
2022-05-16 00:00:00+00:00,172.64
2022-05-17 00:00:00+00:00,181.77
2022-05-18 00:00:00+00:00,169.38
2022-05-19 00:00:00+00:00,171.24
2022-05-20 00:00:00+00:00,166.94
2022-05-23 00:00:00+00:00,168.98
2022-05-24 00:00:00+00:00,161.54
2022-05-25 00:00:00+00:00,169.75
2022-05-26 00:00:00+00:00,178.51
2022-05-27 00:00:00+00:00,188.11
2022-05-31 00:00:00+00:00,186.72
2022-06-01 00:00:00+00:00,183.2
2022-06-02 00:00:00+00:00,195.92
2022-06-03 00:00:00+00:00,187.2
2022-06-06 00:00:00+00:00,187.86
2022-06-07 00:00:00+00:00,189.26
2022-06-08 00:00:00+00:00,186.48
2022-06-09 00:00:00+00:00,180.48
2022-06-10 00:00:00+00:00,169.74
2022-06-13 00:00:00+00:00,156.47
2022-06-14 00:00:00+00:00,158.36
2022-06-15 00:00:00+00:00,165.27
2022-06-16 00:00:00+00:00,156.01
2022-06-17 00:00:00+00:00,158.8
2022-06-21 00:00:00+00:00,165.66
2022-06-22 00:00:00+00:00,163.6
2022-06-23 00:00:00+00:00,162.25
2022-06-24 00:00:00+00:00,171.26
2022-06-27 00:00:00+00:00,168.69
2022-06-28 00:00:00+00:00,159.82
2022-06-29 00:00:00+00:00,155.42
2022-06-30 00:00:00+00:00,151.59
2022-07-01 00:00:00+00:00,145.23
2022-07-05 00:00:00+00:00,149.64
2022-07-06 00:00:00+00:00,151.3
2022-07-07 00:00:00+00:00,158.58
2022-07-08 00:00:00+00:00,158.38
2022-07-11 00:00:00+00:00,151.52
2022-07-12 00:00:00+00:00,150.82
2022-07-13 00:00:00+00:00,151.64
2022-07-14 00:00:00+00:00,153.72
2022-07-15 00:00:00+00:00,157.62
2022-07-18 00:00:00+00:00,161.01
2022-07-19 00:00:00+00:00,169.92
2022-07-20 00:00:00+00:00,178.07
2022-07-21 00:00:00+00:00,180.5
2022-07-22 00:00:00+00:00,173.19
2022-07-25 00:00:00+00:00,170.24
2022-07-26 00:00:00+00:00,165.33
2022-07-27 00:00:00+00:00,177.9
2022-07-28 00:00:00+00:00,179.84
2022-07-29 00:00:00+00:00,181.63
2022-08-01 00:00:00+00:00,184.41
2022-08-02 00:00:00+00:00,185.26
2022-08-03 00:00:00+00:00,188.93
2022-08-04 00:00:00+00:00,192.15
2022-08-05 00:00:00+00:00,189.89
2022-08-08 00:00:00+00:00,177.93
2022-08-09 00:00:00+00:00,170.86
2022-08-10 00:00:00+00:00,180.97
2022-08-11 00:00:00+00:00,179.42
2022-08-12 00:00:00+00:00,187.09
2022-08-15 00:00:00+00:00,190.32
2022-08-16 00:00:00+00:00,188.79
2022-08-17 00:00:00+00:00,183.35
2022-08-18 00:00:00+00:00,187.73
2022-08-19 00:00:00+00:00,178.49
2022-08-22 00:00:00+00:00,170.34
2022-08-23 00:00:00+00:00,171.81
2022-08-24 00:00:00+00:00,172.22
2022-08-25 00:00:00+00:00,179.13
2022-08-26 00:00:00+00:00,162.6
2022-08-29 00:00:00+00:00,158.01
2022-08-30 00:00:00+00:00,154.68
2022-08-31 00:00:00+00:00,150.94
2022-09-01 00:00:00+00:00,139.37
2022-09-02 00:00:00+00:00,136.47
2022-09-06 00:00:00+00:00,134.65
2022-09-07 00:00:00+00:00,137.14
2022-09-08 00:00:00+00:00,139.9
2022-09-09 00:00:00+00:00,143.87
2022-09-12 00:00:00+00:00,145.05
2022-09-13 00:00:00+00:00,131.31
2022-09-14 00:00:00+00:00,131.28
2022-09-15 00:00:00+00:00,129.29
2022-09-16 00:00:00+00:00,131.98
2022-09-19 00:00:00+00:00,133.82
2022-09-20 00:00:00+00:00,131.76
2022-09-21 00:00:00+00:00,132.61
2022-09-22 00:00:00+00:00,125.61
2022-09-23 00:00:00+00:00,125.16
2022-09-26 00:00:00+00:00,122.28
2022-09-27 00:00:00+00:00,124.13
2022-09-28 00:00:00+00:00,127.36
2022-09-29 00:00:00+00:00,122.2
2022-09-30 00:00:00+00:00,121.39
2022-10-03 00:00:00+00:00,125.12
2022-10-04 00:00:00+00:00,131.67
2022-10-05 00:00:00+00:00,132.09
2022-10-06 00:00:00+00:00,131.3
2022-10-07 00:00:00+00:00,120.76
2022-10-10 00:00:00+00:00,116.7
2022-10-11 00:00:00+00:00,115.86
2022-10-12 00:00:00+00:00,115.0
2022-10-13 00:00:00+00:00,119.6
2022-10-14 00:00:00+00:00,112.27
2022-10-17 00:00:00+00:00,118.88
2022-10-18 00:00:00+00:00,119.67
2022-10-19 00:00:00+00:00,120.51
2022-10-20 00:00:00+00:00,121.94
2022-10-21 00:00:00+00:00,124.66
2022-10-24 00:00:00+00:00,125.99
2022-10-25 00:00:00+00:00,132.61
2022-10-26 00:00:00+00:00,128.96
2022-10-27 00:00:00+00:00,131.76
2022-10-28 00:00:00+00:00,138.34
2022-10-31 00:00:00+00:00,134.97
2022-11-01 00:00:00+00:00,135.43
2022-11-02 00:00:00+00:00,132.19
2022-11-03 00:00:00+00:00,134.21
2022-11-04 00:00:00+00:00,141.56
2022-11-07 00:00:00+00:00,143.01
2022-11-08 00:00:00+00:00,146.02
2022-11-09 00:00:00+00:00,137.76
2022-11-10 00:00:00+00:00,157.5
2022-11-11 00:00:00+00:00,163.27
2022-11-14 00:00:00+00:00,162.95
2022-11-15 00:00:00+00:00,166.66
2022-11-16 00:00:00+00:00,159.1
2022-11-17 00:00:00+00:00,156.77
2022-11-18 00:00:00+00:00,154.09
2022-11-21 00:00:00+00:00,153.17
2022-11-22 00:00:00+00:00,160.38
2022-11-23 00:00:00+00:00,165.19
2022-11-25 00:00:00+00:00,162.7
2022-11-28 00:00:00+00:00,158.27
2022-11-29 00:00:00+00:00,156.39
2022-11-30 00:00:00+00:00,169.23
2022-12-01 00:00:00+00:00,171.35
2022-12-02 00:00:00+00:00,168.76
2022-12-05 00:00:00+00:00,166.1
2022-12-06 00:00:00+00:00,159.87
2022-12-07 00:00:00+00:00,161.2
2022-12-08 00:00:00+00:00,171.69
2022-12-09 00:00:00+00:00,170.01
2022-12-12 00:00:00+00:00,175.35
2022-12-13 00:00:00+00:00,180.72
2022-12-14 00:00:00+00:00,176.74
2022-12-15 00:00:00+00:00,169.52
2022-12-16 00:00:00+00:00,165.71
2022-12-19 00:00:00+00:00,162.54
2022-12-20 00:00:00+00:00,160.85
2022-12-21 00:00:00+00:00,165.01
2022-12-22 00:00:00+00:00,153.39
2022-12-23 00:00:00+00:00,152.06
2022-12-27 00:00:00+00:00,141.21
2022-12-28 00:00:00+00:00,140.36
2022-12-29 00:00:00+00:00,146.03
2022-12-30 00:00:00+00:00,146.14
2023-01-03 00:00:00+00:00,143.15
2023-01-04 00:00:00+00:00,147.49
2023-01-05 00:00:00+00:00,142.65
2023-01-06 00:00:00+00:00,148.59
2023-01-09 00:00:00+00:00,156.28
2023-01-10 00:00:00+00:00,159.09
2023-01-11 00:00:00+00:00,160.01
2023-01-12 00:00:00+00:00,165.11
2023-01-13 00:00:00+00:00,168.99
2023-01-17 00:00:00+00:00,177.02
2023-01-18 00:00:00+00:00,173.77
2023-01-19 00:00:00+00:00,167.65
2023-01-20 00:00:00+00:00,178.39
2023-01-23 00:00:00+00:00,191.93
2023-01-24 00:00:00+00:00,192.65
2023-01-25 00:00:00+00:00,193.23
2023-01-26 00:00:00+00:00,198.02
2023-01-27 00:00:00+00:00,203.65
2023-01-30 00:00:00+00:00,191.62
2023-01-31 00:00:00+00:00,195.37
2023-02-01 00:00:00+00:00,209.43
2023-02-02 00:00:00+00:00,217.09
2023-02-03 00:00:00+00:00,211.0
2023-02-06 00:00:00+00:00,210.89
2023-02-07 00:00:00+00:00,221.73
2023-02-08 00:00:00+00:00,222.05
2023-02-09 00:00:00+00:00,223.37
2023-02-10 00:00:00+00:00,212.65
2023-02-13 00:00:00+00:00,217.88
2023-02-14 00:00:00+00:00,229.71
2023-02-15 00:00:00+00:00,227.64
2023-02-16 00:00:00+00:00,220.02
2023-02-17 00:00:00+00:00,213.88
2023-02-21 00:00:00+00:00,206.55
2023-02-22 00:00:00+00:00,207.54
2023-02-23 00:00:00+00:00,236.64
2023-02-24 00:00:00+00:00,232.86
2023-02-27 00:00:00+00:00,235.01
2023-02-28 00:00:00+00:00,232.16
2023-03-01 00:00:00+00:00,226.98
2023-03-02 00:00:00+00:00,233.14
2023-03-03 00:00:00+00:00,238.9
2023-03-06 00:00:00+00:00,235.54
2023-03-07 00:00:00+00:00,232.88
2023-03-08 00:00:00+00:00,241.81
2023-03-09 00:00:00+00:00,234.36
2023-03-10 00:00:00+00:00,229.65
2023-03-13 00:00:00+00:00,229.66
2023-03-14 00:00:00+00:00,240.63
2023-03-15 00:00:00+00:00,242.28
2023-03-16 00:00:00+00:00,255.41
2023-03-17 00:00:00+00:00,257.25
2023-03-20 00:00:00+00:00,259.0
2023-03-21 00:00:00+00:00,261.99
2023-03-22 00:00:00+00:00,264.68
2023-03-23 00:00:00+00:00,271.91
2023-03-24 00:00:00+00:00,267.79
2023-03-27 00:00:00+00:00,265.31
2023-03-28 00:00:00+00:00,264.1
2023-03-29 00:00:00+00:00,269.84
2023-03-30 00:00:00+00:00,273.83
2023-03-31 00:00:00+00:00,277.77
2023-04-03 00:00:00+00:00,279.65
2023-04-04 00:00:00+00:00,274.53
2023-04-05 00:00:00+00:00,268.81
2023-04-06 00:00:00+00:00,270.37
2023-04-10 00:00:00+00:00,275.79
2023-04-11 00:00:00+00:00,271.69
2023-04-12 00:00:00+00:00,264.95
2023-04-13 00:00:00+00:00,264.63
2023-04-14 00:00:00+00:00,267.58
2023-04-17 00:00:00+00:00,270.02
2023-04-18 00:00:00+00:00,276.67
2023-04-19 00:00:00+00:00,279.31
2023-04-20 00:00:00+00:00,271.04
2023-04-21 00:00:00+00:00,271.19
2023-04-24 00:00:00+00:00,270.42
2023-04-25 00:00:00+00:00,262.41
2023-04-26 00:00:00+00:00,269.56
2023-04-27 00:00:00+00:00,272.26
2023-04-28 00:00:00+00:00,277.49
2023-05-01 00:00:00+00:00,289.1
2023-05-02 00:00:00+00:00,282.1
2023-05-03 00:00:00+00:00,278.02
2023-05-04 00:00:00+00:00,275.62
2023-05-05 00:00:00+00:00,286.8
2023-05-08 00:00:00+00:00,291.51
2023-05-09 00:00:00+00:00,285.71
2023-05-10 00:00:00+00:00,288.85
2023-05-11 00:00:00+00:00,285.78
2023-05-12 00:00:00+00:00,283.4
2023-05-15 00:00:00+00:00,289.53
2023-05-16 00:00:00+00:00,292.13
2023-05-17 00:00:00+00:00,301.78
2023-05-18 00:00:00+00:00,316.78
2023-05-19 00:00:00+00:00,312.64
2023-05-22 00:00:00+00:00,311.76
2023-05-23 00:00:00+00:00,306.88
2023-05-24 00:00:00+00:00,305.38
2023-05-25 00:00:00+00:00,379.8
2023-05-26 00:00:00+00:00,389.46
2023-05-30 00:00:00+00:00,401.11
2023-05-31 00:00:00+00:00,378.34
2023-06-01 00:00:00+00:00,397.7
2023-06-02 00:00:00+00:00,393.27
2023-06-05 00:00:00+00:00,391.71
2023-06-06 00:00:00+00:00,386.54
2023-06-07 00:00:00+00:00,374.75
2023-06-08 00:00:00+00:00,385.1
2023-06-09 00:00:00+00:00,387.7
2023-06-12 00:00:00+00:00,394.82
2023-06-13 00:00:00+00:00,410.22
2023-06-14 00:00:00+00:00,429.97
2023-06-15 00:00:00+00:00,426.53
2023-06-16 00:00:00+00:00,426.92
2023-06-20 00:00:00+00:00,438.08
2023-06-21 00:00:00+00:00,430.45
2023-06-22 00:00:00+00:00,430.25
2023-06-23 00:00:00+00:00,422.09
2023-06-26 00:00:00+00:00,406.32
2023-06-27 00:00:00+00:00,418.76
2023-06-28 00:00:00+00:00,411.17
2023-06-29 00:00:00+00:00,408.22
2023-06-30 00:00:00+00:00,423.02
2023-07-03 00:00:00+00:00,424.13
2023-07-05 00:00:00+00:00,423.17
2023-07-06 00:00:00+00:00,421.03
2023-07-07 00:00:00+00:00,425.03
2023-07-10 00:00:00+00:00,421.8
2023-07-11 00:00:00+00:00,424.05
2023-07-12 00:00:00+00:00,439.02
2023-07-13 00:00:00+00:00,459.77
2023-07-14 00:00:00+00:00,454.69
2023-07-17 00:00:00+00:00,464.61
2023-07-18 00:00:00+00:00,474.94
2023-07-19 00:00:00+00:00,470.77
2023-07-20 00:00:00+00:00,455.2
2023-07-21 00:00:00+00:00,443.09
2023-07-24 00:00:00+00:00,446.12
2023-07-25 00:00:00+00:00,456.79
2023-07-26 00:00:00+00:00,454.52
2023-07-27 00:00:00+00:00,459.0
2023-07-28 00:00:00+00:00,467.5
2023-07-31 00:00:00+00:00,467.29
2023-08-01 00:00:00+00:00,465.07
2023-08-02 00:00:00+00:00,442.69
2023-08-03 00:00:00+00:00,445.15
2023-08-04 00:00:00+00:00,446.8
2023-08-07 00:00:00+00:00,454.165
2023-08-08 00:00:00+00:00,446.64
2023-08-09 00:00:00+00:00,425.54
2023-08-10 00:00:00+00:00,423.88
2023-08-11 00:00:00+00:00,408.55
2023-08-14 00:00:00+00:00,437.53
2023-08-15 00:00:00+00:00,439.4
2023-08-16 00:00:00+00:00,434.86
2023-08-17 00:00:00+00:00,433.435
2023-08-18 00:00:00+00:00,432.99
2023-08-21 00:00:00+00:00,469.67
2023-08-22 00:00:00+00:00,456.68
2023-08-23 00:00:00+00:00,471.16
2023-08-24 00:00:00+00:00,471.63
2023-08-25 00:00:00+00:00,460.18
2023-08-28 00:00:00+00:00,468.35
2023-08-29 00:00:00+00:00,487.84
2023-08-30 00:00:00+00:00,492.64
2023-08-31 00:00:00+00:00,493.55
2023-09-01 00:00:00+00:00,485.09
2023-09-05 00:00:00+00:00,485.48
2023-09-06 00:00:00+00:00,470.61
2023-09-07 00:00:00+00:00,462.41
2023-09-08 00:00:00+00:00,455.72
2023-09-11 00:00:00+00:00,451.78
2023-09-12 00:00:00+00:00,448.7
2023-09-13 00:00:00+00:00,454.85
2023-09-14 00:00:00+00:00,455.81
2023-09-15 00:00:00+00:00,439.0
2023-09-18 00:00:00+00:00,439.66
2023-09-19 00:00:00+00:00,435.2
2023-09-20 00:00:00+00:00,422.39
2023-09-21 00:00:00+00:00,410.17
2023-09-22 00:00:00+00:00,416.1
2023-09-25 00:00:00+00:00,422.22
2023-09-26 00:00:00+00:00,419.11
2023-09-27 00:00:00+00:00,424.68
2023-09-28 00:00:00+00:00,430.89
2023-09-29 00:00:00+00:00,434.99
2023-10-02 00:00:00+00:00,447.82
2023-10-03 00:00:00+00:00,435.17
2023-10-04 00:00:00+00:00,440.41
2023-10-05 00:00:00+00:00,446.88
2023-10-06 00:00:00+00:00,457.62
2023-10-09 00:00:00+00:00,452.73
2023-10-10 00:00:00+00:00,457.98
2023-10-11 00:00:00+00:00,468.06
2023-10-12 00:00:00+00:00,469.45
2023-10-13 00:00:00+00:00,454.61
2023-10-16 00:00:00+00:00,460.95
2023-10-17 00:00:00+00:00,439.38
2023-10-18 00:00:00+00:00,421.96
2023-10-19 00:00:00+00:00,421.01
2023-10-20 00:00:00+00:00,413.87
2023-10-23 00:00:00+00:00,429.75
2023-10-24 00:00:00+00:00,436.63
2023-10-25 00:00:00+00:00,417.79
2023-10-26 00:00:00+00:00,403.26
2023-10-27 00:00:00+00:00,405.0
2023-10-30 00:00:00+00:00,411.61
2023-10-31 00:00:00+00:00,407.8
2023-11-01 00:00:00+00:00,423.25
2023-11-02 00:00:00+00:00,435.06
2023-11-03 00:00:00+00:00,450.05
2023-11-06 00:00:00+00:00,457.51
2023-11-07 00:00:00+00:00,459.55
2023-11-08 00:00:00+00:00,465.74
2023-11-09 00:00:00+00:00,469.5
2023-11-10 00:00:00+00:00,483.35
2023-11-13 00:00:00+00:00,486.2
2023-11-14 00:00:00+00:00,496.56
2023-11-15 00:00:00+00:00,488.88
2023-11-16 00:00:00+00:00,494.8
2023-11-17 00:00:00+00:00,492.98
2023-11-20 00:00:00+00:00,504.09
2023-11-21 00:00:00+00:00,499.44
2023-11-22 00:00:00+00:00,487.16
2023-11-24 00:00:00+00:00,477.76
2023-11-27 00:00:00+00:00,482.42
2023-11-28 00:00:00+00:00,478.21
2023-11-29 00:00:00+00:00,481.4
2023-11-30 00:00:00+00:00,467.7
2023-12-01 00:00:00+00:00,467.65
2023-12-04 00:00:00+00:00,455.1
2023-12-05 00:00:00+00:00,465.66
2023-12-06 00:00:00+00:00,455.03
2023-12-07 00:00:00+00:00,465.96
2023-12-08 00:00:00+00:00,475.06
2023-12-11 00:00:00+00:00,466.27
2023-12-12 00:00:00+00:00,476.57
2023-12-13 00:00:00+00:00,480.88
2023-12-14 00:00:00+00:00,483.5
2023-12-15 00:00:00+00:00,488.9
2023-12-18 00:00:00+00:00,500.77
2023-12-19 00:00:00+00:00,496.04
2023-12-20 00:00:00+00:00,481.11
2023-12-21 00:00:00+00:00,489.9
2023-12-22 00:00:00+00:00,488.3
2023-12-26 00:00:00+00:00,492.79
2023-12-27 00:00:00+00:00,494.17
2023-12-28 00:00:00+00:00,495.22
2023-12-29 00:00:00+00:00,495.22
2024-01-02 00:00:00+00:00,481.68
2024-01-03 00:00:00+00:00,475.69
2024-01-04 00:00:00+00:00,479.98
2024-01-05 00:00:00+00:00,490.97
2024-01-08 00:00:00+00:00,522.53
2024-01-09 00:00:00+00:00,531.4
2024-01-10 00:00:00+00:00,543.5
2024-01-11 00:00:00+00:00,548.22
2024-01-12 00:00:00+00:00,547.1
2024-01-16 00:00:00+00:00,563.82
2024-01-17 00:00:00+00:00,560.53
2024-01-18 00:00:00+00:00,571.07
2024-01-19 00:00:00+00:00,594.91
2024-01-22 00:00:00+00:00,596.54
2024-01-23 00:00:00+00:00,598.73
2024-01-24 00:00:00+00:00,613.62
2024-01-25 00:00:00+00:00,616.17
2024-01-26 00:00:00+00:00,610.31
2024-01-29 00:00:00+00:00,624.65
2024-01-30 00:00:00+00:00,627.74
2024-01-31 00:00:00+00:00,615.27
2024-02-01 00:00:00+00:00,630.27
2024-02-02 00:00:00+00:00,661.6
2024-02-05 00:00:00+00:00,693.32
2024-02-06 00:00:00+00:00,682.23
2024-02-07 00:00:00+00:00,700.99
2024-02-08 00:00:00+00:00,696.41
2024-02-09 00:00:00+00:00,721.33
2024-02-12 00:00:00+00:00,722.48
2024-02-13 00:00:00+00:00,721.28
2024-02-14 00:00:00+00:00,739.0
2024-02-15 00:00:00+00:00,726.58
2024-02-16 00:00:00+00:00,726.13
2024-02-20 00:00:00+00:00,694.52
2024-02-21 00:00:00+00:00,674.72
2024-02-22 00:00:00+00:00,785.38
2024-02-23 00:00:00+00:00,788.17
2024-02-26 00:00:00+00:00,790.92
2024-02-27 00:00:00+00:00,787.01
2024-02-28 00:00:00+00:00,776.63
2024-02-29 00:00:00+00:00,791.12
2024-03-01 00:00:00+00:00,822.79
2024-03-04 00:00:00+00:00,852.37
2024-03-05 00:00:00+00:00,859.64
2024-03-06 00:00:00+00:00,887.0
2024-03-07 00:00:00+00:00,926.69
2024-03-08 00:00:00+00:00,875.28
2024-03-11 00:00:00+00:00,857.74
2024-03-12 00:00:00+00:00,919.13
2024-03-13 00:00:00+00:00,908.88
2024-03-14 00:00:00+00:00,879.44
2024-03-15 00:00:00+00:00,878.365
2024-03-18 00:00:00+00:00,884.55
2024-03-19 00:00:00+00:00,893.98
2024-03-20 00:00:00+00:00,903.72
2024-03-21 00:00:00+00:00,914.35
2024-03-22 00:00:00+00:00,942.89
2024-03-25 00:00:00+00:00,950.02
2024-03-26 00:00:00+00:00,925.61
2024-03-27 00:00:00+00:00,902.5
2024-03-28 00:00:00+00:00,903.56
2024-04-01 00:00:00+00:00,903.63
2024-04-02 00:00:00+00:00,894.52
2024-04-03 00:00:00+00:00,889.64
2024-04-04 00:00:00+00:00,859.05
2024-04-05 00:00:00+00:00,880.08
2024-04-08 00:00:00+00:00,871.33
2024-04-09 00:00:00+00:00,853.54
2024-04-10 00:00:00+00:00,870.39
2024-04-11 00:00:00+00:00,906.16
2024-04-12 00:00:00+00:00,881.86
2024-04-15 00:00:00+00:00,860.01
2024-04-16 00:00:00+00:00,874.15
2024-04-17 00:00:00+00:00,840.35
2024-04-18 00:00:00+00:00,846.71
2024-04-19 00:00:00+00:00,762.0
2024-04-22 00:00:00+00:00,795.18
2024-04-23 00:00:00+00:00,824.23
2024-04-24 00:00:00+00:00,796.77
2024-04-25 00:00:00+00:00,826.32
2024-04-26 00:00:00+00:00,877.35
2024-04-29 00:00:00+00:00,877.57
2024-04-30 00:00:00+00:00,864.02
2024-05-01 00:00:00+00:00,830.41
2024-05-02 00:00:00+00:00,858.17
2024-05-03 00:00:00+00:00,887.89
2024-05-06 00:00:00+00:00,921.4
2024-05-07 00:00:00+00:00,905.54
2024-05-08 00:00:00+00:00,904.12
2024-05-09 00:00:00+00:00,887.47
2024-05-10 00:00:00+00:00,898.78
2024-05-13 00:00:00+00:00,903.99
2024-05-14 00:00:00+00:00,913.56
2024-05-15 00:00:00+00:00,946.3
2024-05-16 00:00:00+00:00,943.59
2024-05-17 00:00:00+00:00,924.79
2024-05-20 00:00:00+00:00,947.8
2024-05-21 00:00:00+00:00,953.86
2024-05-22 00:00:00+00:00,949.5
2024-05-23 00:00:00+00:00,1037.99
2024-05-24 00:00:00+00:00,1064.69
2024-05-28 00:00:00+00:00,1139.01
2024-05-29 00:00:00+00:00,1148.25
2024-05-30 00:00:00+00:00,1105.0
2024-05-31 00:00:00+00:00,1096.33
2024-06-03 00:00:00+00:00,1150.0
2024-06-04 00:00:00+00:00,1164.37
2024-06-05 00:00:00+00:00,1224.4
2024-06-06 00:00:00+00:00,1209.98
2024-06-07 00:00:00+00:00,1208.88
2024-06-10 00:00:00+00:00,121.79
2024-06-11 00:00:00+00:00,120.91
2024-06-12 00:00:00+00:00,125.2
2024-06-13 00:00:00+00:00,129.61
2024-06-14 00:00:00+00:00,131.88
2024-06-17 00:00:00+00:00,130.98
2024-06-18 00:00:00+00:00,135.58
2024-06-20 00:00:00+00:00,130.78
2024-06-21 00:00:00+00:00,126.57
2024-06-24 00:00:00+00:00,118.11
2024-06-25 00:00:00+00:00,126.09
2024-06-26 00:00:00+00:00,126.4
2024-06-27 00:00:00+00:00,123.99
2024-06-28 00:00:00+00:00,123.54
2024-07-01 00:00:00+00:00,124.3
2024-07-02 00:00:00+00:00,122.67
2024-07-03 00:00:00+00:00,128.28
2024-07-05 00:00:00+00:00,125.83
2024-07-08 00:00:00+00:00,128.2
2024-07-09 00:00:00+00:00,131.38
2024-07-10 00:00:00+00:00,134.91
2024-07-11 00:00:00+00:00,127.4
2024-07-12 00:00:00+00:00,129.24
2024-07-15 00:00:00+00:00,128.44
2024-07-16 00:00:00+00:00,126.36
2024-07-17 00:00:00+00:00,117.99
2024-07-18 00:00:00+00:00,121.09
2024-07-19 00:00:00+00:00,117.93
2024-07-22 00:00:00+00:00,123.54
2024-07-23 00:00:00+00:00,122.59
2024-07-24 00:00:00+00:00,114.25
2024-07-25 00:00:00+00:00,112.28
2024-07-26 00:00:00+00:00,113.06
2024-07-29 00:00:00+00:00,111.59
2024-07-30 00:00:00+00:00,103.73
2024-07-31 00:00:00+00:00,117.02
2024-08-01 00:00:00+00:00,109.21
2024-08-02 00:00:00+00:00,107.27
2024-08-05 00:00:00+00:00,100.45
2024-08-06 00:00:00+00:00,104.25
2024-08-07 00:00:00+00:00,98.91
2024-08-08 00:00:00+00:00,104.97
2024-08-09 00:00:00+00:00,104.75
2024-08-12 00:00:00+00:00,109.02
2024-08-13 00:00:00+00:00,116.14
2024-08-14 00:00:00+00:00,118.08
2024-08-15 00:00:00+00:00,122.86
2024-08-16 00:00:00+00:00,124.58
2024-08-19 00:00:00+00:00,130.0
2024-08-20 00:00:00+00:00,127.25
2024-08-21 00:00:00+00:00,128.5
2024-08-22 00:00:00+00:00,123.74
2024-08-23 00:00:00+00:00,129.37
2024-08-26 00:00:00+00:00,126.46
2024-08-27 00:00:00+00:00,128.3
2024-08-28 00:00:00+00:00,125.61
2024-08-29 00:00:00+00:00,117.59
2024-08-30 00:00:00+00:00,119.37
2024-09-03 00:00:00+00:00,108.0
2024-09-04 00:00:00+00:00,106.21
2024-09-05 00:00:00+00:00,107.21
2024-09-06 00:00:00+00:00,102.83
2024-09-09 00:00:00+00:00,106.47
2024-09-10 00:00:00+00:00,108.1
2024-09-11 00:00:00+00:00,116.91
2024-09-12 00:00:00+00:00,119.14
2024-09-13 00:00:00+00:00,119.1
2024-09-16 00:00:00+00:00,116.78
2024-09-17 00:00:00+00:00,115.59
2024-09-18 00:00:00+00:00,113.37
2024-09-19 00:00:00+00:00,117.87
2024-09-20 00:00:00+00:00,116.0
2024-09-23 00:00:00+00:00,116.26
2024-09-24 00:00:00+00:00,120.87
2024-09-25 00:00:00+00:00,123.51
2024-09-26 00:00:00+00:00,124.04
2024-09-27 00:00:00+00:00,121.4
2024-09-30 00:00:00+00:00,121.44
2024-10-01 00:00:00+00:00,117.0
2024-10-02 00:00:00+00:00,118.85
2024-10-03 00:00:00+00:00,122.85
2024-10-04 00:00:00+00:00,124.92
2024-10-07 00:00:00+00:00,127.72
2024-10-08 00:00:00+00:00,132.89
2024-10-09 00:00:00+00:00,132.65
2024-10-10 00:00:00+00:00,134.81
2024-10-11 00:00:00+00:00,134.8
2024-10-14 00:00:00+00:00,138.07
2024-10-15 00:00:00+00:00,131.6
2024-10-16 00:00:00+00:00,135.72
2024-10-17 00:00:00+00:00,136.93
2024-10-18 00:00:00+00:00,138.0
2024-10-21 00:00:00+00:00,143.71
2024-10-22 00:00:00+00:00,143.59
2024-10-23 00:00:00+00:00,139.56
2024-10-24 00:00:00+00:00,140.41
2024-10-25 00:00:00+00:00,141.54
2024-10-28 00:00:00+00:00,140.52
2024-10-29 00:00:00+00:00,141.25
2024-10-30 00:00:00+00:00,139.335
2024-10-31 00:00:00+00:00,132.76
2024-11-01 00:00:00+00:00,135.4
2024-11-04 00:00:00+00:00,136.05
2024-11-05 00:00:00+00:00,139.91
2024-11-06 00:00:00+00:00,145.61
2024-11-07 00:00:00+00:00,148.88
2024-11-08 00:00:00+00:00,147.63
2024-11-11 00:00:00+00:00,145.26
2024-11-12 00:00:00+00:00,148.29
2024-11-13 00:00:00+00:00,146.27
2024-11-14 00:00:00+00:00,146.76
2024-11-15 00:00:00+00:00,141.98
2024-11-18 00:00:00+00:00,140.15
2024-11-19 00:00:00+00:00,147.01
2024-11-20 00:00:00+00:00,145.89
2024-11-21 00:00:00+00:00,146.67
2024-11-22 00:00:00+00:00,141.95
2024-11-25 00:00:00+00:00,136.02
2024-11-26 00:00:00+00:00,136.92
2024-11-27 00:00:00+00:00,135.34
2024-11-29 00:00:00+00:00,138.25
2024-12-02 00:00:00+00:00,138.63
2024-12-03 00:00:00+00:00,140.26
2024-12-04 00:00:00+00:00,145.14
2024-12-05 00:00:00+00:00,145.06
2024-12-06 00:00:00+00:00,142.44
2024-12-09 00:00:00+00:00,138.81
2024-12-10 00:00:00+00:00,135.07
2024-12-11 00:00:00+00:00,139.31
2024-12-12 00:00:00+00:00,137.34
2024-12-13 00:00:00+00:00,134.25
2024-12-16 00:00:00+00:00,132.0
2024-12-17 00:00:00+00:00,130.39
2024-12-18 00:00:00+00:00,128.91
2024-12-19 00:00:00+00:00,130.68
2024-12-20 00:00:00+00:00,134.7
2024-12-23 00:00:00+00:00,139.67
2024-12-24 00:00:00+00:00,140.22
2024-12-26 00:00:00+00:00,139.93
2024-12-27 00:00:00+00:00,137.01
2024-12-30 00:00:00+00:00,137.49
2024-12-31 00:00:00+00:00,134.29
